employee_id,division,role_level,location,age,tenure_years,promotions_3yr,transit_dependent,commute_km,persona_2023,persona_2024,persona_2025,persona_direction,commute_time_2023_min,commute_time_2025_min,commute_time_change_min,engagement_2023,engagement_2024,engagement_2025,satisfaction_2023,satisfaction_2024,satisfaction_2025,career_growth_2023,career_growth_2024,career_growth_2025,wellbeing_2023,wellbeing_2024,wellbeing_2025,recognition_2023,recognition_2024,recognition_2025,mgr_effectiveness_2023,mgr_effectiveness_2024,mgr_effectiveness_2025,belonging_2023,belonging_2024,belonging_2025,performance_2023,performance_2024,performance_2025,goal_completion_2023,goal_completion_2024,goal_completion_2025,salary_vs_market_2023,salary_vs_market_2024,salary_vs_market_2025,absence_days_2023,absence_days_2024,absence_days_2025,loa_2023,loa_2024,loa_2025,manager_changed_2024,manager_changed_2025,team_restructure_2024,team_restructure_2025,policy_change_2025,office_relocated,engagement_trend,satisfaction_trend,career_growth_trend,performance_trend,absence_trend,salary_trend,manager_stability,org_disruption_score,rto_risk_index
CNF1401,Pension Administration,Manager,Calgary,42,6,0,0,28.1,Hybrid,In-Person,In-Person,More office,39,52,13,64.2,54.1,45.4,67.1,47.4,29.4,34.0,19.7,10.0,62.6,68.7,68.0,47.9,41.3,35.9,77.6,74.8,62.4,66.9,66.5,66.4,85.3,72.4,61.4,86.9,76.2,54.2,21.9,26.8,26.3,1,0,2,0,0,0,0,1,1,0,1,0,-18.7,-37.7,-24.0,-23.9,1,4.4,65,60,44.0
CNF1402,Retail Banking,Manager,Vancouver,43,2,0,0,11.4,Remote,Hybrid,In-Person,More office,5,7,2,83.3,97.0,79.6,74.2,89.4,88.7,49.5,59.8,68.8,61.0,72.0,65.2,68.1,77.5,74.1,48.0,38.4,26.1,80.2,88.5,82.0,52.7,63.0,62.5,60.9,68.1,59.8,55.9,53.8,51.6,0,0,0,0,0,0,0,0,0,0,0,0,-3.8,14.5,19.3,9.8,0,-4.3,100,20,25.3
CNF1403,Retail Banking,Director,Toronto,49,7,0,1,54.8,Remote,In-Person,In-Person,More office,68,110,42,59.1,61.9,48.7,49.1,43.2,43.1,54.6,62.8,41.8,68.8,66.2,52.1,42.1,58.0,59.7,44.1,20.3,15.7,74.8,79.7,87.2,59.6,60.8,50.2,49.0,56.2,42.9,57.6,59.7,62.8,5,3,5,0,0,0,1,0,0,0,0,0,-10.4,-6.0,-12.7,-9.4,0,5.2,65,20,53.8
CNF1404,Pension Administration,Analyst,Toronto,32,13,0,0,53.4,Hybrid,In-Person,In-Person,More office,79,104,25,90.7,92.8,87.5,87.9,79.3,85.5,52.9,27.8,27.5,75.8,75.6,64.9,72.2,63.9,79.2,69.8,78.3,79.4,79.7,99.2,91.4,64.5,70.4,46.3,67.4,69.6,48.7,43.3,47.1,43.4,1,0,2,0,0,0,0,0,0,0,0,0,-3.2,-2.4,-25.4,-18.2,1,0.2,100,20,41.4
CNF1405,Retail Banking,Senior Analyst,Toronto,45,3,0,1,1.0,In-Person,In-Person,In-Person,No change,5,5,0,54.1,37.0,25.1,61.1,29.6,11.6,72.0,46.5,46.8,49.7,58.6,68.2,72.7,67.7,62.8,55.3,42.1,42.6,29.9,37.6,52.4,55.0,68.1,58.4,47.1,73.2,63.2,63.4,58.2,60.0,1,0,1,0,0,0,1,1,0,0,0,0,-29.0,-49.5,-25.1,3.4,0,-3.4,30,25,20.9
CNF1406,Pension Administration,Manager,Vancouver,38,0,0,0,9.8,Remote,In-Person,In-Person,More office,15,22,7,51.0,41.0,45.7,61.4,23.7,49.8,57.0,60.5,63.8,55.1,50.0,45.0,67.8,72.2,73.9,64.9,63.7,69.0,78.4,76.2,69.6,77.3,84.1,65.5,70.5,75.6,50.8,73.1,79.0,72.8,3,3,4,0,0,0,0,0,0,1,0,0,-5.2,-11.6,6.8,-11.8,1,-0.3,100,40,32.1
CNF1407,Pension Administration,Analyst,Toronto,41,4,1,1,18.8,Remote,Hybrid,In-Person,More office,24,34,10,45.6,46.7,46.0,30.2,31.6,31.1,83.5,92.7,99.2,73.3,88.0,89.7,54.9,64.6,65.8,87.6,96.8,88.0,74.6,71.9,64.6,57.1,51.1,68.7,52.8,45.8,72.6,47.5,42.1,44.9,0,1,3,0,0,1,0,1,0,0,0,0,0.3,1.0,15.7,11.6,3,-2.6,65,45,30.7
CNF1408,Wealth Management,Senior Analyst,Calgary,24,2,2,0,20.9,Hybrid,In-Person,In-Person,More office,29,49,20,50.7,42.0,24.3,59.4,41.0,10.0,70.4,62.0,58.0,91.2,69.4,49.2,79.0,81.3,73.5,53.7,72.3,77.3,91.6,89.5,79.7,68.5,74.5,61.2,77.4,81.8,75.9,51.6,48.8,40.5,4,3,5,1,0,0,0,1,0,0,1,0,-26.4,-49.4,-12.4,-7.2,1,-11.1,65,60,52.2
CNF1409,Wealth Management,Manager,Toronto,26,2,1,1,25.0,Remote,Hybrid,Hybrid,More office,32,41,9,85.9,93.6,77.1,89.3,99.6,67.8,46.4,47.8,50.1,63.7,72.1,67.6,43.5,49.6,31.8,50.2,49.4,56.6,76.2,75.9,65.5,70.9,61.1,59.9,73.7,60.6,49.3,64.5,54.8,52.4,0,0,0,0,0,0,1,0,0,0,1,0,-8.8,-21.5,3.7,-11.0,0,-12.1,65,35,36.5
CNF1410,Wealth Management,Senior Analyst,Toronto,42,5,0,1,29.1,Remote,In-Person,In-Person,More office,45,79,34,65.2,53.8,37.1,62.9,56.4,63.5,48.6,45.0,20.8,60.0,66.3,62.2,46.5,50.2,53.2,62.7,80.4,74.8,72.4,55.2,36.4,50.0,50.6,53.4,48.0,45.4,46.1,59.3,58.8,61.3,2,0,3,0,0,0,0,0,0,0,0,0,-28.1,0.5,-27.8,3.4,1,2.0,100,20,46.7
CNF1411,Pension Administration,Analyst,Vancouver,57,1,1,0,25.4,In-Person,In-Person,Hybrid,More flexible,36,36,0,80.9,84.2,86.1,80.0,78.7,63.3,66.4,65.8,52.1,50.3,49.6,44.0,60.2,38.7,47.5,81.2,65.6,71.5,57.8,51.0,55.6,55.2,49.9,46.9,56.0,60.5,49.3,57.5,55.4,54.3,6,5,9,0,0,0,0,0,0,0,0,0,5.2,-16.7,-14.3,-8.3,3,-3.3,100,0,8.0
CNF1412,Wealth Management,Senior Analyst,Vancouver,42,2,0,0,7.8,In-Person,In-Person,In-Person,No change,12,12,0,54.1,46.3,49.0,66.4,44.9,48.2,70.3,75.5,72.9,52.0,39.6,39.7,59.8,55.3,55.1,42.8,50.7,50.2,71.7,60.3,58.5,86.3,84.9,100.0,91.4,89.7,95.1,64.2,63.1,47.4,3,2,0,0,0,0,0,0,1,0,0,0,-5.0,-18.2,2.6,13.7,-3,-16.8,100,0,11.5
CNF1413,Wealth Management,Director,Toronto,39,1,1,0,47.2,Remote,Hybrid,Hybrid,More office,67,101,34,65.5,57.3,36.9,69.9,50.6,31.3,28.6,30.4,19.8,57.5,59.9,48.7,35.4,30.9,35.1,61.5,50.6,49.1,68.6,70.1,70.5,73.4,66.2,47.9,76.3,69.8,53.5,74.6,63.1,55.0,0,0,3,0,0,0,0,0,0,0,0,0,-28.6,-38.6,-8.8,-25.6,3,-19.5,100,20,58.2
CNF1414,Wealth Management,Analyst,Toronto,44,3,0,1,38.8,Remote,Hybrid,In-Person,More office,52,73,21,86.8,72.8,66.8,72.9,51.4,63.9,78.0,72.4,63.3,53.2,50.7,44.6,33.2,38.4,30.1,42.8,40.7,47.4,79.5,79.3,66.1,98.0,100.0,100.0,100.0,100.0,98.6,74.1,68.4,66.7,0,1,2,0,0,0,0,0,0,0,0,0,-20.0,-9.0,-14.7,2.0,2,-7.4,100,20,40.7
CNF1415,Retail Banking,Director,Calgary,35,7,0,0,25.3,Hybrid,Hybrid,Hybrid,No change,28,28,0,70.9,59.6,63.5,58.3,67.6,83.3,77.1,74.8,68.5,84.3,84.8,71.4,53.5,69.4,45.4,59.9,70.5,73.7,56.7,51.1,67.5,76.0,84.5,100.0,63.2,95.7,100.0,43.7,42.7,46.0,0,0,6,0,0,0,0,0,0,0,0,0,-7.4,24.9,-8.6,24.0,6,2.3,100,0,6.0
CNF1416,Retail Banking,Analyst,Toronto,45,23,1,1,70.8,In-Person,In-Person,In-Person,No change,94,94,0,92.8,86.9,75.1,84.9,87.6,62.9,52.1,31.0,10.0,53.4,42.2,44.2,76.1,79.2,76.6,59.5,65.9,63.8,38.5,31.8,25.0,68.0,62.2,64.9,75.1,53.6,82.0,40.0,42.8,37.0,1,0,2,0,0,0,0,1,0,0,0,0,-17.7,-22.0,-42.1,-3.0,1,-3.1,65,25,12.6
CNF1417,Pension Administration,Manager,Vancouver,52,3,0,1,6.8,Remote,Hybrid,In-Person,More office,5,8,3,70.6,71.2,63.3,89.0,75.8,53.1,36.1,44.9,35.9,81.2,86.3,70.1,64.6,63.2,55.0,62.7,57.5,49.0,64.0,64.9,67.0,66.1,65.6,58.2,73.2,67.3,54.7,49.2,44.1,43.8,0,0,2,0,0,0,0,1,0,0,1,0,-7.3,-35.9,-0.2,-7.9,2,-5.4,65,60,36.8
CNF1418,Pension Administration,Analyst,Calgary,40,7,2,0,20.9,Hybrid,Hybrid,In-Person,More office,38,62,24,70.2,56.2,45.8,85.0,36.4,56.8,86.8,79.1,76.3,75.2,55.8,63.4,67.5,56.6,44.3,75.5,76.8,56.5,61.4,55.9,66.4,85.0,85.6,100.0,85.7,84.0,85.0,40.9,35.5,34.7,10,7,12,0,0,0,1,1,1,0,0,0,-24.5,-28.1,-10.5,15.0,2,-6.2,30,45,48.4
CNF1419,Pension Administration,Manager,Vancouver,33,4,0,0,26.1,Hybrid,In-Person,In-Person,More office,32,52,20,76.5,89.6,72.6,73.1,100.0,51.3,48.2,45.9,33.8,61.3,65.9,69.9,68.5,58.4,51.9,63.9,71.9,77.3,62.8,58.6,51.8,77.4,79.0,63.8,90.7,70.5,60.1,46.2,46.0,46.1,1,1,0,0,0,0,0,0,0,1,0,0,-3.9,-21.8,-14.3,-13.6,-1,-0.1,100,40,43.9
CNF1420,Wealth Management,Director,Calgary,33,11,0,1,15.3,Hybrid,Remote,Hybrid,No change,16,16,0,80.7,71.9,69.4,69.6,85.1,75.0,68.9,65.4,76.5,62.0,63.4,82.0,62.6,65.6,56.4,50.0,53.6,65.5,59.3,52.1,37.7,86.3,88.1,89.3,90.1,92.6,73.3,50.6,41.7,36.9,1,0,2,0,0,1,1,0,0,0,1,0,-11.4,5.4,7.7,3.0,1,-13.7,65,15,6.0
CNF1421,Pension Administration,Manager,Toronto,27,2,1,1,1.3,Hybrid,In-Person,In-Person,More office,5,8,3,86.2,81.2,85.4,100.0,65.4,99.7,83.0,74.5,54.0,85.0,72.7,74.4,58.3,53.9,37.9,52.7,55.5,53.1,93.7,89.6,99.8,60.0,68.3,79.2,54.5,65.1,84.4,43.2,45.1,36.1,7,6,7,0,0,0,0,0,1,1,0,0,-0.8,-0.3,-29.0,19.1,0,-7.0,100,40,26.1
CNF1422,Pension Administration,Senior Analyst,Toronto,32,9,0,1,28.8,Hybrid,In-Person,In-Person,More office,47,80,33,77.1,69.5,61.7,87.1,62.8,51.8,64.5,59.2,55.4,70.2,73.1,77.9,72.6,72.1,80.0,73.9,73.0,70.7,61.5,62.2,60.2,64.3,66.1,72.5,67.1,54.8,84.1,61.6,56.0,47.9,8,4,12,1,0,1,0,1,1,0,0,0,-15.4,-35.3,-9.1,8.1,4,-13.7,65,45,56.6
CNF1423,Pension Administration,VP,Toronto,29,0,0,1,12.5,Hybrid,In-Person,In-Person,More office,14,24,10,55.9,62.5,53.1,53.0,42.1,67.3,50.5,48.6,54.8,57.4,51.3,56.1,92.4,77.5,56.8,70.3,72.9,75.6,61.1,61.2,61.4,78.1,64.5,51.2,74.9,60.5,66.0,64.6,59.1,58.7,3,2,2,1,0,0,0,0,0,0,1,1,-2.8,14.4,4.3,-26.9,-1,-5.9,100,45,30.7
CNF1424,Pension Administration,Senior Analyst,Toronto,47,21,0,0,24.9,In-Person,In-Person,In-Person,No change,35,35,0,66.5,60.9,58.8,59.6,69.5,55.1,65.0,58.2,57.4,65.0,60.8,63.5,51.9,65.0,68.3,43.7,43.8,55.7,47.6,46.7,36.9,65.2,69.8,54.3,68.6,58.7,45.2,30.8,20.7,17.5,0,1,2,0,0,0,1,0,0,1,0,0,-7.7,-4.5,-7.6,-10.9,2,-13.3,65,20,7.4
CNF1425,Pension Administration,Analyst,Toronto,44,1,1,1,1.0,Hybrid,Hybrid,In-Person,More office,9,12,3,64.8,57.0,61.2,67.9,36.7,51.2,64.1,67.7,50.1,46.1,37.6,32.7,53.5,38.6,35.7,67.7,56.5,47.6,71.3,68.2,74.2,82.3,78.2,82.1,66.8,84.8,92.5,64.0,65.3,66.5,1,0,0,0,1,0,1,1,0,1,0,0,-3.7,-16.6,-14.0,-0.3,-1,2.5,30,65,31.0
CNF1426,Retail Banking,Manager,Vancouver,36,9,0,0,6.6,Hybrid,In-Person,In-Person,More office,13,20,7,31.7,15.6,10.0,36.2,10.0,10.0,68.1,65.7,74.0,66.2,78.5,69.3,59.7,79.9,78.6,68.4,74.5,33.3,85.9,74.2,49.8,77.3,66.4,58.9,87.6,64.6,62.1,74.5,70.7,72.5,1,0,1,0,1,0,0,1,0,0,0,0,-21.7,-26.2,5.9,-18.3,0,-2.0,65,45,36.5
CNF1427,Wealth Management,Manager,Vancouver,29,11,0,0,18.1,Hybrid,Hybrid,Hybrid,No change,32,32,0,74.6,66.9,77.8,76.7,70.7,61.1,70.2,65.4,66.1,81.3,83.7,69.8,59.8,58.4,64.1,69.7,74.7,82.9,65.5,69.5,72.0,80.4,92.5,65.2,74.6,79.4,55.1,61.7,50.2,51.0,0,0,1,0,0,0,0,0,0,0,0,1,3.2,-15.6,-4.2,-15.2,1,-10.6,100,10,10.7
CNF1428,Pension Administration,Senior Analyst,Toronto,34,1,0,1,18.9,Remote,Remote,In-Person,More office,36,51,15,70.1,60.5,57.8,57.6,52.5,64.1,64.0,42.6,47.5,68.2,73.5,66.0,69.0,77.6,76.8,67.0,86.3,80.2,60.5,53.2,60.6,67.4,56.6,53.0,70.3,54.1,52.2,70.9,72.7,65.6,11,9,12,0,0,0,1,0,1,1,0,1,-12.3,6.5,-16.5,-14.4,1,-5.4,65,50,34.0
CNF1429,Retail Banking,Analyst,Vancouver,35,6,0,1,9.1,Remote,Hybrid,In-Person,More office,9,12,3,37.8,42.7,39.2,44.2,49.8,45.1,61.4,54.3,54.6,67.5,62.2,65.7,39.5,34.3,20.6,59.1,56.9,67.9,48.8,50.9,58.6,54.6,53.3,61.2,57.6,59.5,55.0,63.0,65.9,63.4,0,2,0,0,0,0,0,0,0,0,0,0,1.5,0.9,-6.8,6.6,0,0.4,100,20,26.0
CNF1430,Pension Administration,VP,Vancouver,47,0,1,1,7.3,Remote,Hybrid,Remote,No change,12,12,0,82.7,75.7,78.0,95.3,79.5,48.3,57.9,64.7,49.0,77.6,73.4,79.7,52.1,36.3,30.0,53.3,54.1,54.4,59.2,64.9,70.9,80.4,77.6,74.8,82.6,90.1,74.1,56.4,46.2,55.0,0,0,1,0,0,0,0,0,0,0,0,0,-4.7,-47.0,-8.9,-5.6,1,-1.4,100,0,20.1
CNF1431,Retail Banking,Analyst,Toronto,22,1,2,1,41.4,Remote,Hybrid,In-Person,More office,61,106,45,60.8,59.1,38.3,64.4,54.1,41.7,79.5,82.1,96.1,57.6,55.6,51.3,66.3,59.4,48.4,73.6,76.2,83.2,64.9,65.2,74.5,95.3,99.6,85.0,100.0,98.7,85.0,70.3,67.0,66.3,2,2,8,1,0,0,0,0,0,0,0,0,-22.5,-22.7,16.6,-10.3,6,-4.0,100,20,60.8
CNF1432,Pension Administration,Analyst,Toronto,28,1,1,0,32.8,Hybrid,Remote,In-Person,More office,56,76,20,85.7,78.6,73.7,100.0,86.8,78.1,39.4,26.4,14.8,93.7,82.3,75.6,47.3,46.1,48.0,84.9,76.3,69.3,65.8,66.9,77.5,65.6,50.7,39.1,62.8,49.0,26.4,39.9,40.4,42.8,6,4,4,0,0,0,1,1,0,0,1,0,-12.0,-21.9,-24.6,-26.5,-2,2.9,30,60,43.9
CNF1433,Retail Banking,Director,Toronto,23,3,1,1,35.9,Remote,In-Person,In-Person,More office,52,73,21,66.0,64.2,50.2,66.6,39.7,44.3,60.8,52.8,22.5,62.8,54.8,51.8,65.7,70.4,60.7,50.7,54.5,56.5,62.9,58.5,66.1,56.3,63.4,65.9,59.7,55.3,55.4,48.6,50.8,48.4,3,2,2,0,0,0,0,1,1,0,0,0,-15.7,-22.4,-38.3,9.6,-1,-0.2,65,45,44.7
CNF1434,Retail Banking,Analyst,Calgary,22,7,0,1,42.4,Hybrid,In-Person,Hybrid,No change,68,68,0,58.4,58.6,59.2,57.9,52.9,71.2,27.9,20.4,33.8,59.3,73.2,80.6,79.1,86.2,83.7,25.8,16.3,11.9,73.5,78.9,71.8,59.1,60.7,53.3,53.1,48.3,37.8,55.5,47.1,47.4,6,6,7,0,1,0,0,0,0,0,0,0,0.9,13.3,5.9,-5.8,1,-8.1,100,0,6.0
CNF1435,Wealth Management,Senior Analyst,Toronto,50,1,1,1,64.4,Remote,Hybrid,Hybrid,More office,87,129,42,92.0,81.3,70.7,77.9,84.9,55.2,40.5,38.4,49.0,59.6,60.8,41.7,48.7,50.8,71.1,39.6,36.7,39.3,71.9,66.7,56.8,75.5,96.1,100.0,86.4,92.2,100.0,70.9,70.5,73.4,1,1,1,0,0,0,0,0,1,1,0,0,-21.3,-22.7,8.6,24.5,0,2.4,100,40,58.8
CNF1436,Pension Administration,Analyst,Calgary,62,3,0,1,29.0,Hybrid,Hybrid,In-Person,More office,45,63,18,85.3,86.7,74.2,83.0,79.7,90.1,51.2,35.6,22.8,34.9,45.6,43.3,50.8,48.8,49.2,47.5,56.8,55.6,51.8,64.8,58.3,52.6,33.7,27.3,52.6,47.4,35.5,46.6,41.9,44.8,2,1,1,0,0,0,0,0,1,0,1,0,-11.1,7.1,-28.4,-25.3,-1,-1.8,100,35,36.0
CNF1437,Wealth Management,Senior Analyst,Toronto,39,1,2,0,59.0,Hybrid,In-Person,In-Person,More office,86,146,60,72.8,69.3,72.9,70.8,53.8,92.0,72.9,75.5,65.5,84.9,85.0,71.0,22.6,25.4,10.0,61.9,55.7,63.7,72.5,79.7,77.5,82.9,98.0,90.0,93.4,100.0,56.5,52.3,52.2,54.5,1,3,4,0,0,1,0,0,0,0,1,0,0.1,21.2,-7.4,7.2,3,2.3,100,35,64.0
CNF1438,Retail Banking,Manager,Calgary,42,0,0,0,18.4,Hybrid,Hybrid,In-Person,More office,22,35,13,95.0,98.9,100.0,100.0,100.0,91.2,84.8,69.5,58.9,56.8,42.3,19.4,49.3,61.4,57.8,66.9,62.3,62.3,52.2,58.0,33.6,65.1,55.4,53.3,75.6,52.6,54.7,58.7,50.2,45.8,0,0,2,0,0,1,0,0,0,1,1,0,5.0,-8.8,-25.9,-11.8,2,-12.9,100,55,35.3
CNF1439,Pension Administration,Director,Calgary,46,5,1,1,9.5,Hybrid,In-Person,In-Person,More office,8,10,2,53.9,52.2,42.0,51.2,44.6,17.6,40.4,30.5,28.6,63.3,57.3,57.5,42.1,42.5,34.5,43.8,47.7,36.8,91.4,94.9,100.0,81.5,70.6,79.6,99.2,69.1,87.5,85.0,84.1,68.8,6,5,8,0,0,0,0,1,0,0,1,1,-11.9,-33.6,-11.8,-1.9,2,-16.2,65,70,35.4
CNF1440,Pension Administration,Senior Analyst,Calgary,45,9,0,0,18.0,Remote,Hybrid,Hybrid,More office,31,43,12,61.0,60.5,51.4,46.3,54.8,39.1,76.8,87.1,80.2,54.1,51.2,65.0,69.6,77.1,71.4,57.0,57.6,50.5,63.3,71.0,57.9,70.5,82.6,67.4,95.7,82.5,58.7,50.2,55.6,56.4,7,7,7,1,0,0,1,0,0,1,0,0,-9.7,-7.2,3.3,-3.0,0,6.2,65,40,34.2
CNF1441,Pension Administration,Manager,Calgary,49,11,0,0,1.0,Remote,In-Person,In-Person,More office,10,14,4,61.8,53.5,42.5,71.1,57.4,27.3,72.0,58.1,62.9,66.6,61.6,49.7,79.2,88.7,81.0,94.4,88.6,51.4,84.5,76.1,81.1,84.0,73.0,74.1,93.8,77.5,66.4,51.8,47.4,54.4,4,3,1,0,0,0,0,1,0,0,1,0,-19.3,-43.7,-9.1,-9.9,-3,2.7,65,60,39.8
CNF1442,Wealth Management,Senior Analyst,Calgary,41,0,0,0,17.6,In-Person,In-Person,In-Person,No change,25,25,0,85.5,81.2,76.7,97.9,84.8,74.6,62.8,68.0,78.5,77.8,77.2,60.5,39.6,44.7,53.8,43.6,53.6,48.6,40.4,27.2,22.0,71.2,62.6,41.3,75.8,70.1,45.6,67.7,60.7,49.9,4,4,3,0,0,0,0,1,0,0,1,0,-8.8,-23.3,15.7,-29.9,-1,-17.8,65,40,13.0
CNF1443,Wealth Management,Senior Analyst,Toronto,26,6,1,1,37.7,In-Person,In-Person,In-Person,No change,53,53,0,58.6,71.5,71.7,54.8,64.7,80.3,72.4,77.5,79.0,46.8,38.5,19.0,90.4,100.0,100.0,68.2,79.1,85.3,61.3,54.0,68.0,70.1,79.0,77.3,77.6,58.1,65.5,46.2,40.8,43.6,8,5,9,0,0,0,0,0,0,1,1,0,13.1,25.5,6.5,7.2,1,-2.6,100,35,6.0
CNF1444,Retail Banking,Senior Analyst,Toronto,22,12,0,0,39.2,Hybrid,In-Person,In-Person,More office,50,73,23,89.5,80.5,75.3,95.8,74.4,60.0,43.6,50.0,61.3,84.2,91.8,89.8,57.9,55.2,53.8,78.8,61.5,74.4,67.4,69.2,72.5,79.1,77.3,72.9,73.7,78.2,61.5,60.2,51.9,43.7,5,3,7,0,0,0,1,0,0,0,0,0,-14.2,-35.8,17.7,-6.2,2,-16.5,65,20,50.1
CNF1445,Retail Banking,Senior Analyst,Toronto,52,0,1,1,23.8,Hybrid,Hybrid,In-Person,More office,38,68,30,46.1,41.2,30.9,41.5,61.5,18.5,44.2,42.1,42.7,80.7,99.4,93.5,51.2,42.1,32.8,65.2,59.3,52.1,73.4,78.5,80.3,53.2,53.7,40.6,42.2,61.6,47.1,56.8,57.9,56.3,4,0,0,0,1,0,0,1,0,0,0,0,-15.2,-23.0,-1.6,-12.5,-4,-0.6,65,45,50.9
CNF1446,Wealth Management,VP,Vancouver,40,0,0,1,18.0,Hybrid,In-Person,Hybrid,No change,27,27,0,39.8,34.0,15.9,51.7,32.5,10.0,32.0,15.2,12.1,67.9,71.6,55.8,57.3,62.3,60.8,67.1,79.0,69.0,41.7,35.5,46.3,85.0,89.2,100.0,93.1,83.8,88.8,56.8,54.5,53.3,0,0,1,0,0,1,0,1,0,0,1,0,-23.9,-41.7,-19.9,15.0,1,-3.5,65,40,18.5
CNF1447,Retail Banking,Manager,Calgary,28,13,1,1,23.2,Hybrid,In-Person,In-Person,More office,31,46,15,59.8,61.3,54.4,53.5,72.7,45.1,54.0,46.0,34.6,78.8,85.6,84.1,38.0,39.1,38.7,68.5,65.9,73.9,87.1,88.8,77.2,84.8,73.3,66.2,77.9,78.2,67.2,57.1,56.1,60.2,1,0,3,0,0,0,0,0,1,1,1,1,-5.4,-8.4,-19.4,-18.6,2,3.1,100,65,36.5
CNF1448,Pension Administration,Director,Calgary,35,1,1,0,15.5,Hybrid,Hybrid,Hybrid,No change,21,21,0,59.9,48.0,54.9,64.7,61.7,50.4,69.0,71.9,60.7,48.8,61.0,78.2,77.9,76.5,64.7,74.7,78.5,85.0,43.3,42.6,44.4,68.0,58.9,72.2,62.0,52.4,79.3,57.0,52.4,45.2,2,4,5,0,0,0,0,0,1,0,1,0,-5.0,-14.3,-8.2,4.2,3,-11.8,100,15,10.3
CNF1449,Pension Administration,Analyst,Toronto,30,8,0,1,42.2,Remote,Remote,Hybrid,More office,56,97,41,68.3,69.4,55.5,58.9,53.6,64.6,33.4,32.7,33.8,40.6,46.6,41.0,45.0,45.9,44.5,71.5,66.1,74.6,67.6,71.2,76.0,51.6,47.4,50.9,67.4,59.1,43.6,63.9,59.7,63.1,0,1,4,0,0,0,0,1,0,0,1,0,-12.8,5.8,0.4,-0.6,4,-0.8,65,60,51.3
CNF1450,Pension Administration,Analyst,Toronto,45,2,1,0,22.5,In-Person,In-Person,In-Person,No change,31,31,0,54.3,56.6,57.0,52.4,28.8,43.3,48.0,42.3,46.7,66.3,65.5,79.6,62.6,66.1,85.4,90.7,81.6,80.3,68.8,70.8,73.2,50.8,59.3,54.5,49.9,71.5,70.8,53.7,57.1,58.7,17,18,20,0,0,0,0,1,0,0,0,0,2.7,-9.1,-1.3,3.7,3,5.0,65,25,8.7
CNF1451,Wealth Management,Senior Analyst,Vancouver,42,0,3,0,19.4,Remote,In-Person,In-Person,More office,29,50,21,89.2,89.7,93.3,87.4,75.4,89.9,68.3,50.7,47.3,55.3,57.2,55.2,55.1,61.8,53.4,72.2,63.9,60.5,67.4,71.9,72.6,79.8,82.1,78.2,75.8,67.0,63.3,50.7,43.1,44.1,3,7,10,0,1,0,0,0,0,1,0,0,4.1,2.5,-21.0,-1.6,7,-6.7,100,40,38.0
CNF1452,Wealth Management,Analyst,Calgary,42,6,3,0,12.8,Hybrid,Remote,Hybrid,No change,24,24,0,89.5,78.3,84.6,91.0,83.4,72.7,68.4,71.6,61.6,59.3,60.9,58.6,32.8,30.0,13.3,75.1,71.8,73.1,75.7,64.9,61.1,81.5,91.8,97.3,87.7,97.1,100.0,69.7,64.1,58.2,6,8,6,0,0,0,0,0,0,1,1,0,-4.9,-18.3,-6.8,15.9,0,-11.5,100,35,11.5
CNF1453,Pension Administration,Senior Analyst,Toronto,35,3,1,1,30.3,In-Person,In-Person,In-Person,No change,46,46,0,73.8,68.1,64.9,79.3,79.1,68.0,68.4,55.7,73.3,59.4,52.7,51.3,44.6,52.0,49.5,48.1,55.2,56.2,78.0,84.2,81.3,64.7,52.0,54.6,62.4,42.9,67.9,50.6,41.6,40.2,0,0,3,0,0,1,0,0,0,0,0,0,-8.9,-11.3,4.9,-10.1,3,-10.4,100,0,9.4
CNF1454,Pension Administration,VP,Calgary,38,1,1,1,28.7,Remote,Hybrid,Hybrid,More office,39,59,20,77.0,66.5,76.0,100.0,67.8,87.9,23.0,10.0,10.0,58.5,37.8,34.0,56.2,45.5,42.5,91.2,94.9,90.7,49.4,34.7,29.8,87.3,100.0,100.0,86.5,100.0,88.6,36.3,35.3,33.7,2,0,0,0,0,0,0,0,0,1,0,0,-1.0,-12.1,-13.0,12.7,-2,-2.6,100,40,41.0
CNF1455,Wealth Management,Senior Analyst,Calgary,37,3,1,1,1.0,Hybrid,Hybrid,In-Person,More office,8,13,5,54.3,58.6,45.6,40.4,50.7,50.6,69.5,69.0,54.0,61.5,61.0,71.4,30.0,38.7,55.5,35.5,36.9,27.9,83.6,75.5,61.6,53.4,45.5,45.2,64.2,49.2,47.0,60.4,53.3,48.9,9,9,11,0,0,0,0,0,0,0,0,0,-8.7,10.2,-15.5,-8.1,2,-11.4,100,20,27.3
CNF1456,Pension Administration,Senior Analyst,Calgary,40,17,2,1,23.5,Remote,Remote,Hybrid,More office,34,51,17,80.3,89.5,76.8,73.7,97.1,82.3,73.1,70.5,59.9,72.9,72.8,75.4,71.3,74.2,66.0,84.1,80.1,78.5,77.0,82.1,80.3,67.6,73.7,86.7,81.8,66.7,78.4,67.9,65.8,66.7,4,2,0,0,1,0,0,0,1,1,0,0,-3.5,8.6,-13.2,19.1,-4,-1.2,100,40,35.3
CNF1457,Pension Administration,Analyst,Calgary,25,8,1,1,18.8,Remote,Hybrid,In-Person,More office,22,35,13,41.1,52.4,64.3,60.1,65.5,81.0,59.1,54.0,50.0,53.6,55.8,57.2,73.8,55.5,62.1,55.6,54.2,63.7,76.2,80.6,88.7,63.9,63.9,63.9,62.8,81.4,52.8,54.2,47.9,42.0,1,5,6,0,0,0,0,0,0,1,0,0,23.2,20.8,-9.1,-0.1,5,-12.1,100,40,32.7
CNF1458,Retail Banking,Senior Analyst,Toronto,22,17,2,1,36.7,Remote,In-Person,In-Person,More office,36,60,24,91.8,98.0,73.8,85.7,95.7,76.4,61.2,53.2,38.3,62.5,62.2,55.0,68.7,63.6,60.7,59.1,43.8,35.3,92.2,87.6,91.8,69.8,62.6,74.4,79.8,58.4,70.4,51.0,52.1,58.1,0,0,3,1,0,0,1,1,0,1,0,0,-18.0,-9.3,-22.9,4.6,3,7.2,30,65,42.8
CNF1459,Wealth Management,Analyst,Toronto,39,0,2,0,1.0,Hybrid,Hybrid,In-Person,More office,5,8,3,65.6,66.3,52.5,58.4,66.5,68.5,57.9,54.7,43.4,70.5,66.4,62.6,58.0,43.5,43.1,66.2,70.4,75.1,79.5,86.6,78.5,43.0,51.3,43.8,42.2,49.0,35.2,55.6,54.1,47.8,11,9,9,0,1,0,0,0,1,0,0,0,-13.1,10.1,-14.5,0.8,-2,-7.8,100,20,26.0
CNF1460,Wealth Management,Manager,Toronto,51,2,1,1,12.8,Hybrid,Hybrid,In-Person,More office,13,21,8,44.8,23.9,15.1,62.7,10.0,10.0,66.2,59.4,33.9,65.6,59.3,59.0,43.1,58.3,49.9,70.4,50.1,44.4,75.6,97.0,86.4,80.2,79.5,71.2,84.9,94.9,77.9,52.1,45.5,53.2,1,2,0,0,0,0,1,1,0,1,0,0,-29.6,-52.7,-32.4,-9.0,-1,1.1,30,65,45.1
CNF1461,Wealth Management,Director,Toronto,35,1,0,0,68.7,Remote,In-Person,Remote,No change,89,89,0,67.3,60.6,57.4,76.6,65.3,40.0,50.7,36.5,42.7,33.8,30.7,19.4,76.2,75.7,59.5,53.7,54.4,54.2,70.5,75.4,67.0,68.8,74.5,75.1,60.3,76.7,81.4,57.6,51.7,51.9,2,2,5,0,1,1,0,0,1,0,0,1,-9.9,-36.6,-8.0,6.3,3,-5.7,100,10,17.0
CNF1462,Retail Banking,VP,Calgary,25,3,2,0,3.5,Hybrid,In-Person,Hybrid,No change,5,5,0,71.8,62.9,54.5,66.6,51.5,38.9,62.1,63.6,77.3,74.8,79.7,62.8,50.8,48.1,55.4,49.0,39.2,46.6,46.8,52.1,46.5,51.4,49.2,60.6,57.8,42.8,60.1,68.3,57.3,55.8,4,3,4,0,0,0,0,0,0,0,1,0,-17.3,-27.6,15.2,9.1,0,-12.5,100,15,14.3
CNF1463,Pension Administration,Analyst,Calgary,29,0,0,0,16.5,Hybrid,Hybrid,In-Person,More office,14,20,6,52.5,53.1,42.3,52.2,54.9,48.0,52.3,47.4,31.5,53.1,69.0,79.4,69.8,69.3,55.9,63.2,61.7,50.9,70.9,68.1,63.5,66.7,49.8,53.2,57.1,45.7,51.5,71.8,60.6,58.8,2,2,6,0,0,0,1,1,0,0,0,0,-10.2,-4.2,-20.8,-13.5,4,-13.0,30,45,29.3
CNF1464,Retail Banking,Manager,Toronto,45,3,1,0,29.2,Hybrid,Hybrid,Hybrid,No change,40,40,0,20.0,13.0,15.6,15.2,10.0,18.0,74.3,73.2,72.3,86.2,85.9,73.3,83.6,84.6,93.4,67.0,60.5,38.7,50.7,55.9,68.0,91.3,100.0,100.0,84.8,100.0,96.4,59.6,61.7,66.1,4,4,6,0,1,0,1,1,1,0,0,0,-4.4,2.8,-1.9,8.7,2,6.5,30,25,6.0
CNF1465,Pension Administration,Senior Analyst,Toronto,37,3,1,1,60.2,Hybrid,Hybrid,In-Person,More office,82,132,50,70.1,51.6,45.7,67.8,52.9,21.7,61.0,49.3,49.0,67.8,58.6,37.1,61.5,62.8,49.8,56.2,39.5,43.8,74.3,64.5,65.6,91.3,99.8,83.9,87.7,100.0,81.3,74.9,81.2,81.7,9,10,16,0,0,0,1,0,1,1,0,1,-24.4,-46.1,-12.0,-7.3,7,6.8,65,50,71.2
CNF1466,Wealth Management,Analyst,Toronto,37,3,0,0,42.7,Hybrid,Hybrid,In-Person,More office,63,95,32,64.7,56.4,39.4,44.3,60.0,38.8,72.8,66.4,66.6,67.9,64.7,67.3,57.0,55.1,55.1,78.0,72.1,77.4,41.8,33.1,20.7,80.6,76.2,99.9,81.4,78.6,100.0,62.3,68.7,68.2,0,2,5,1,0,0,0,1,0,0,1,0,-25.2,-5.5,-6.1,19.4,5,5.9,65,60,47.0
CNF1467,Pension Administration,Manager,Toronto,38,6,0,1,35.8,Hybrid,In-Person,Remote,More flexible,59,59,0,77.1,63.8,73.4,85.0,51.8,72.4,63.7,46.9,48.4,48.1,56.7,63.7,73.8,78.6,86.1,52.1,45.8,39.9,58.4,57.8,54.6,67.2,78.7,62.7,62.7,85.8,66.2,54.5,56.4,57.7,3,2,1,0,0,1,0,0,0,0,1,0,-3.7,-12.5,-15.3,-4.6,-2,3.1,100,15,6.8
CNF1468,Pension Administration,Senior Analyst,Vancouver,38,2,0,0,16.5,Remote,Hybrid,Hybrid,More office,23,41,18,42.1,49.6,35.7,59.7,51.2,54.0,84.0,83.2,73.4,74.2,68.5,74.2,63.7,70.3,57.6,47.2,43.6,54.1,74.5,71.6,64.9,72.9,92.2,100.0,82.1,100.0,86.1,48.5,42.2,44.7,14,14,17,0,0,0,0,0,1,0,0,0,-6.4,-5.7,-10.6,27.1,3,-3.8,100,20,37.7
CNF1469,Pension Administration,Analyst,Toronto,37,1,3,0,21.4,In-Person,In-Person,In-Person,No change,30,30,0,44.0,38.7,37.4,61.6,48.0,41.8,48.7,54.0,45.7,61.7,52.7,70.0,52.6,47.7,55.9,60.8,77.7,74.5,67.1,63.0,65.2,59.9,62.5,57.3,62.7,60.0,55.3,55.8,48.1,40.5,0,3,3,0,0,0,0,0,1,1,0,1,-6.6,-19.8,-3.1,-2.6,3,-15.3,100,30,12.0
CNF1470,Wealth Management,Manager,Toronto,28,10,1,1,54.6,Hybrid,In-Person,In-Person,More office,74,120,46,66.0,57.8,38.2,72.6,51.7,32.8,65.4,65.5,57.0,48.8,38.6,29.3,46.3,52.1,42.7,64.1,67.8,54.5,54.4,56.4,55.0,58.7,64.5,60.5,61.0,58.3,57.8,27.9,30.7,23.4,8,6,7,0,0,0,0,1,1,0,0,0,-27.8,-39.8,-8.4,1.8,-1,-4.6,65,45,66.6
CNF1471,Retail Banking,Senior Analyst,Vancouver,29,0,1,1,24.8,Hybrid,In-Person,In-Person,More office,35,53,18,82.3,72.0,72.4,79.9,55.7,64.9,52.8,51.5,47.5,69.7,63.3,50.3,49.6,24.6,23.1,39.4,33.4,32.1,57.4,69.8,62.2,51.3,42.9,36.6,56.1,51.8,31.9,58.9,61.3,60.4,2,3,1,0,0,1,0,0,1,1,0,0,-9.8,-15.0,-5.3,-14.6,-1,1.4,100,40,40.5
CNF1472,Pension Administration,VP,Toronto,42,5,0,1,33.1,Hybrid,Hybrid,In-Person,More office,45,69,24,60.5,60.3,37.0,67.5,50.1,33.5,58.9,61.1,58.0,69.9,72.6,62.9,79.7,88.6,92.6,51.5,51.7,64.6,64.8,63.9,52.6,74.7,65.2,73.1,71.0,73.7,80.6,49.0,55.9,43.5,1,0,0,1,0,0,0,0,0,0,1,0,-23.5,-34.0,-1.0,-1.6,-1,-5.5,100,35,50.2
CNF1473,Retail Banking,Senior Analyst,Toronto,32,2,3,0,5.1,Hybrid,Hybrid,Hybrid,No change,9,9,0,74.5,77.2,70.3,76.6,58.8,82.4,49.0,50.5,51.3,72.7,92.3,90.1,50.6,53.3,48.6,70.3,69.5,66.5,67.9,58.7,58.2,65.0,43.4,29.8,57.1,34.3,20.0,28.5,23.5,28.2,8,9,8,0,0,0,0,0,1,1,1,0,-4.2,5.9,2.4,-35.2,0,-0.3,100,35,6.0
CNF1474,Pension Administration,Director,Calgary,22,0,0,0,7.1,Hybrid,Hybrid,In-Person,More office,5,8,3,75.3,62.7,47.5,75.6,62.3,60.7,73.2,60.2,62.5,79.4,71.5,75.6,60.5,69.2,67.0,71.9,61.7,80.4,31.0,30.7,14.5,54.8,39.4,22.8,49.5,36.3,20.0,50.2,55.9,54.2,0,1,3,0,0,0,0,1,1,0,1,0,-27.8,-14.9,-10.7,-32.0,3,3.9,65,60,30.5
CNF1475,Wealth Management,Senior Analyst,Toronto,37,1,0,1,24.7,Remote,In-Person,In-Person,More office,28,39,11,79.3,55.0,62.3,74.2,80.5,44.8,52.2,44.2,37.3,80.2,73.1,61.3,75.8,74.2,82.4,66.2,65.0,74.2,44.5,53.5,47.2,72.5,80.2,63.8,76.7,83.5,80.0,66.7,64.7,62.1,2,0,1,0,0,0,0,0,0,0,0,0,-17.0,-29.4,-14.8,-8.7,-1,-4.6,100,20,40.2
CNF1476,Wealth Management,Senior Analyst,Toronto,37,1,1,1,33.4,In-Person,Hybrid,In-Person,No change,43,43,0,68.9,53.5,63.9,81.0,58.7,68.2,47.8,48.6,40.7,43.3,40.8,50.2,83.3,97.0,89.8,72.6,77.4,76.3,35.5,32.2,36.5,54.6,62.8,59.7,43.2,52.0,73.5,57.4,50.0,47.7,5,2,2,0,0,0,0,0,0,1,0,0,-5.0,-12.8,-7.1,5.1,-3,-9.7,100,20,9.8
CNF1477,Pension Administration,Director,Calgary,51,1,0,0,19.9,In-Person,In-Person,In-Person,No change,26,26,0,84.4,71.4,65.0,92.2,70.0,63.3,39.0,29.4,24.2,64.7,61.7,60.9,53.2,47.8,46.5,53.3,53.8,58.2,91.6,79.8,85.5,78.5,88.1,88.2,76.8,91.9,97.3,53.5,54.9,48.7,0,0,1,0,0,0,0,0,0,0,0,0,-19.4,-28.9,-14.8,9.7,1,-4.8,100,0,14.7
CNF1478,Pension Administration,Analyst,Toronto,35,5,0,1,29.7,Hybrid,In-Person,In-Person,More office,49,72,23,55.7,49.0,39.6,46.6,37.2,31.9,61.1,59.9,69.6,72.4,68.9,60.9,75.0,74.5,84.7,95.0,100.0,94.2,80.2,81.8,72.9,51.1,47.3,27.9,54.2,40.7,39.2,46.7,45.0,50.0,0,2,5,0,0,0,0,0,0,1,0,0,-16.1,-14.8,8.5,-23.2,5,3.3,100,40,43.8
CNF1479,Wealth Management,Manager,Toronto,33,0,2,1,77.1,Remote,Hybrid,In-Person,More office,102,148,46,58.0,48.3,37.0,78.1,23.7,30.0,73.9,68.8,55.4,64.8,73.8,62.8,28.0,16.4,10.0,71.0,70.0,55.7,76.4,68.5,49.0,71.2,66.7,49.9,78.6,64.0,46.5,40.6,39.8,38.5,5,6,8,0,0,0,0,0,0,0,0,1,-20.9,-48.1,-18.5,-21.3,3,-2.1,100,30,69.1
CNF1480,Wealth Management,Director,Vancouver,56,4,1,1,11.1,In-Person,In-Person,In-Person,No change,26,26,0,95.0,98.4,92.4,74.8,84.3,100.0,32.5,45.1,41.5,65.7,66.9,54.3,57.5,42.0,40.9,78.2,88.9,93.8,69.8,55.2,58.1,70.9,72.2,58.2,69.8,76.7,68.4,25.6,28.7,16.1,0,0,3,0,1,0,0,0,1,0,0,0,-2.6,25.2,9.0,-12.7,3,-9.5,100,0,6.0
CNF1481,Wealth Management,Director,Toronto,30,4,1,1,32.0,Hybrid,Remote,In-Person,More office,34,60,26,85.7,71.2,62.1,76.3,70.9,55.1,73.1,76.5,83.5,94.8,100.0,76.4,79.2,79.0,63.9,60.9,36.5,30.8,86.9,82.0,79.0,78.5,73.6,73.5,73.7,77.5,75.4,52.2,48.8,49.2,0,0,0,0,0,0,1,0,0,0,1,0,-23.6,-21.3,10.4,-5.0,0,-3.0,65,35,47.7
CNF1482,Pension Administration,Analyst,Toronto,38,1,1,0,30.9,Remote,In-Person,In-Person,More office,37,55,18,63.5,53.6,49.8,64.8,60.1,58.2,57.0,54.4,37.9,48.3,31.4,24.2,46.8,54.1,40.3,70.2,70.1,65.5,60.9,44.2,34.6,69.6,80.4,71.9,59.8,78.0,84.6,31.4,26.9,28.5,1,3,2,0,0,0,0,0,0,0,1,0,-13.7,-6.6,-19.1,2.3,1,-2.9,100,35,38.0
CNF1483,Retail Banking,Analyst,Toronto,26,1,0,1,62.0,Remote,Hybrid,In-Person,More office,88,130,42,74.4,68.8,61.9,75.7,64.6,71.4,78.8,69.6,61.8,82.7,74.9,62.5,54.8,53.8,47.7,44.4,47.9,43.4,64.3,69.7,57.7,58.5,48.3,35.8,64.2,33.8,43.9,61.6,60.5,61.0,8,8,10,0,0,0,0,0,1,0,1,0,-12.5,-4.3,-17.1,-22.7,2,-0.6,100,35,53.3
CNF1484,Retail Banking,Director,Toronto,35,5,0,1,21.3,Remote,In-Person,In-Person,More office,23,33,10,78.6,78.9,76.1,87.5,83.5,63.7,53.9,50.7,36.0,63.0,60.8,55.8,81.2,63.3,63.7,44.2,54.9,49.0,32.3,10.0,10.0,67.5,88.6,78.0,67.1,89.2,83.9,58.4,54.0,44.9,4,5,5,0,0,0,0,0,1,0,0,0,-2.6,-23.8,-17.9,10.6,1,-13.5,100,20,37.8
CNF1485,Pension Administration,VP,Toronto,29,1,1,1,45.3,Remote,Hybrid,In-Person,More office,71,112,41,72.9,60.2,54.9,52.1,58.0,45.9,29.8,35.8,39.6,57.5,47.2,39.7,45.9,41.1,31.2,55.6,51.1,40.6,73.9,77.8,71.9,80.3,89.3,91.2,93.6,96.7,96.4,53.1,55.3,53.6,11,9,12,0,0,0,0,0,0,0,0,0,-18.0,-6.2,9.8,10.8,1,0.5,100,20,53.2
CNF1486,Pension Administration,Director,Toronto,46,5,1,0,21.2,Remote,Hybrid,In-Person,More office,23,33,10,82.9,77.4,66.7,90.1,74.1,56.4,54.3,38.7,38.9,49.7,44.4,32.2,56.6,63.1,57.0,63.9,69.7,47.1,57.7,59.9,56.1,72.1,89.5,76.7,66.9,86.2,81.3,54.6,50.5,45.8,5,1,3,0,0,0,0,1,0,1,1,0,-16.2,-33.7,-15.5,4.6,-2,-8.7,65,80,40.8
CNF1487,Wealth Management,Analyst,Calgary,35,7,2,0,18.7,Hybrid,Hybrid,In-Person,More office,25,35,10,58.2,50.7,50.4,59.6,47.4,41.1,77.7,66.6,77.4,52.5,37.3,25.9,53.4,51.2,47.5,68.2,59.5,61.6,77.5,85.6,84.6,39.7,40.6,59.5,52.1,41.4,62.7,43.8,39.0,42.9,0,0,2,0,0,0,0,0,0,0,1,0,-7.7,-18.5,-0.3,19.8,2,-0.9,100,35,36.2
CNF1488,Wealth Management,Manager,Calgary,37,0,0,0,26.9,Remote,Hybrid,In-Person,More office,34,45,11,38.6,48.0,54.3,30.8,49.9,49.7,95.0,100.0,95.1,80.3,83.6,95.5,72.6,69.8,83.7,33.3,30.9,28.3,64.5,42.5,42.3,42.8,42.9,30.3,43.6,44.9,29.4,34.9,31.6,26.4,5,6,7,0,0,0,0,0,1,0,1,0,15.7,18.8,0.1,-12.5,2,-8.5,100,35,31.3
CNF1489,Wealth Management,Manager,Calgary,41,2,0,0,22.4,Remote,In-Person,In-Person,More office,30,44,14,86.1,74.0,71.8,82.2,77.6,76.2,77.6,78.8,79.1,66.1,61.6,77.6,64.5,59.0,62.5,71.3,58.2,66.7,72.4,58.9,58.3,86.6,91.4,97.0,79.8,95.6,88.9,43.3,31.2,35.1,4,2,3,0,0,0,1,0,0,0,1,0,-14.2,-6.1,1.5,10.5,-1,-8.1,65,35,35.2
CNF1490,Pension Administration,VP,Toronto,28,14,3,0,44.9,Hybrid,Hybrid,Hybrid,No change,53,53,0,58.1,61.3,73.6,38.0,72.8,77.3,80.4,71.9,77.0,56.5,55.3,51.8,81.0,78.3,82.2,62.7,61.5,45.1,75.8,76.3,49.8,57.7,59.9,55.1,78.5,54.1,46.6,48.3,48.5,51.1,2,1,3,0,0,0,0,1,0,0,0,0,15.5,39.3,-3.4,-2.6,1,2.8,65,25,6.0
CNF1491,Wealth Management,Analyst,Toronto,34,7,2,0,23.7,In-Person,Hybrid,In-Person,No change,39,39,0,57.0,56.8,51.0,60.3,60.5,59.3,81.0,83.5,65.5,65.5,62.0,61.3,58.4,64.1,59.8,63.4,67.6,68.4,75.8,75.7,67.7,72.6,73.3,81.0,90.0,66.2,65.6,53.2,48.7,49.0,3,0,0,1,0,0,0,0,1,0,0,0,-6.0,-1.0,-15.6,8.4,-3,-4.2,100,0,6.3
CNF1492,Pension Administration,Senior Analyst,Toronto,25,1,2,0,14.5,Hybrid,Hybrid,Hybrid,No change,12,12,0,52.0,35.2,20.1,39.9,33.8,14.4,80.0,83.8,75.2,82.4,75.3,79.0,57.2,58.4,52.6,25.0,18.9,30.6,72.7,58.2,60.8,88.3,100.0,94.4,90.9,100.0,85.5,54.2,53.6,54.5,0,0,0,0,0,0,1,1,0,0,1,1,-31.9,-25.4,-4.8,6.1,0,0.2,30,50,13.6
CNF1493,Wealth Management,Analyst,Calgary,55,1,0,0,27.9,Hybrid,Hybrid,Remote,More flexible,39,39,0,88.0,94.1,91.5,95.7,94.1,86.6,57.3,56.9,55.9,82.4,83.8,98.8,57.6,54.3,65.1,69.8,73.8,68.9,67.0,67.8,58.9,74.7,82.9,86.0,87.7,71.9,74.7,70.8,59.9,60.6,2,1,5,1,0,0,0,0,1,0,0,0,3.5,-9.1,-1.5,11.3,3,-10.3,100,0,5.7
CNF1494,Wealth Management,Manager,Calgary,24,0,0,0,12.6,In-Person,In-Person,In-Person,No change,15,15,0,58.0,61.4,51.5,62.2,68.0,39.6,67.2,61.5,49.4,58.8,49.2,52.8,90.4,79.7,54.6,81.3,97.6,86.4,69.8,68.6,65.6,52.5,52.0,53.2,60.3,41.2,54.9,66.2,59.2,57.6,4,3,2,0,1,0,0,1,1,0,0,0,-6.5,-22.6,-17.8,0.7,-2,-8.6,65,25,12.8
CNF1495,Wealth Management,Director,Toronto,37,4,1,1,1.0,Hybrid,In-Person,In-Person,More office,5,6,1,68.3,68.2,66.2,77.3,75.5,80.9,66.7,53.8,46.9,57.5,63.0,66.4,76.2,67.2,69.1,68.9,66.6,52.4,44.1,37.2,28.9,73.3,86.2,80.4,78.6,72.2,77.6,38.2,39.7,28.7,10,9,11,0,0,1,0,1,0,0,0,0,-2.0,3.6,-19.8,7.1,1,-9.5,65,45,24.7
CNF1496,Wealth Management,Senior Analyst,Toronto,32,2,1,1,51.6,Hybrid,In-Person,In-Person,More office,75,130,55,69.7,62.1,44.5,71.9,66.3,39.6,71.9,60.6,51.8,95.0,92.8,57.5,79.6,70.6,71.0,77.2,83.2,66.0,79.3,85.8,80.1,72.4,73.3,73.4,80.1,65.7,69.0,69.5,65.4,60.6,0,4,6,0,0,0,0,1,0,0,0,0,-25.2,-32.3,-20.1,1.0,6,-9.0,65,45,70.3
CNF1497,Pension Administration,VP,Toronto,44,4,1,1,25.1,Hybrid,Hybrid,In-Person,More office,28,47,19,73.4,57.1,61.7,56.3,55.9,64.9,52.7,41.4,49.7,82.0,93.4,87.4,67.9,61.0,55.6,74.8,53.1,55.8,51.5,47.2,43.4,54.6,29.6,15.0,59.3,30.7,20.0,67.5,59.7,49.5,0,0,0,0,0,0,1,0,0,0,0,0,-11.6,8.6,-3.1,-39.6,0,-18.0,65,20,36.7
CNF1498,Wealth Management,Manager,Toronto,33,22,0,0,16.0,Hybrid,In-Person,In-Person,More office,28,36,8,70.3,55.7,59.9,65.1,36.2,48.5,36.4,50.1,51.4,52.2,44.5,25.9,64.9,68.9,58.2,72.6,46.1,52.1,52.8,41.8,48.4,73.4,68.1,63.4,74.5,60.7,72.7,34.2,21.9,14.5,5,5,7,0,0,0,1,0,0,1,0,0,-10.4,-16.5,15.0,-10.0,2,-19.7,65,40,34.3
CNF1499,Wealth Management,Manager,Toronto,29,10,0,1,15.4,Remote,Remote,In-Person,More office,23,35,12,37.3,24.7,11.6,50.0,25.8,11.4,42.3,32.7,32.0,74.6,77.3,79.6,74.8,58.7,54.7,85.6,88.9,79.6,29.3,29.2,32.3,74.1,65.2,49.7,71.2,69.7,57.1,58.3,53.7,52.1,3,1,2,0,0,0,0,0,0,0,1,0,-25.7,-38.6,-10.3,-24.4,-1,-6.2,100,35,43.6
CNF1500,Wealth Management,Manager,Toronto,41,1,2,0,45.8,In-Person,In-Person,In-Person,No change,58,58,0,81.1,75.2,78.2,57.3,75.4,69.6,72.7,60.5,45.8,64.3,65.9,57.7,53.4,55.4,59.1,81.6,81.0,57.6,40.5,22.9,21.5,79.7,80.8,84.7,90.5,69.5,85.8,50.3,47.7,39.0,6,5,8,0,0,0,0,1,0,0,1,0,-3.0,12.3,-26.9,5.0,2,-11.3,65,40,6.0
CNF1501,Pension Administration,Manager,Toronto,40,1,1,1,12.4,Hybrid,Hybrid,Hybrid,No change,15,15,0,82.1,72.2,70.3,83.0,69.0,49.0,77.8,66.3,50.9,91.7,82.3,72.7,88.6,88.6,77.7,78.4,76.9,72.6,79.6,83.1,84.4,83.4,87.3,99.0,98.4,86.1,100.0,50.4,49.0,45.9,1,4,4,0,0,0,0,0,1,0,1,0,-11.8,-34.0,-27.0,15.6,3,-4.5,100,15,16.2
CNF1502,Wealth Management,Manager,Calgary,51,3,1,0,16.1,Remote,Remote,Remote,No change,20,20,0,71.5,86.4,91.8,44.1,65.9,77.0,82.9,86.8,76.5,71.9,76.3,64.7,82.5,97.7,94.5,64.9,56.8,39.0,80.6,90.4,88.4,46.7,44.1,46.6,53.6,40.6,59.5,29.3,28.1,16.4,4,2,3,0,0,0,0,1,0,0,1,0,20.2,32.9,-6.5,-0.2,-1,-12.9,65,40,6.0
CNF1503,Pension Administration,Analyst,Toronto,30,7,0,1,35.7,Hybrid,Hybrid,In-Person,More office,46,81,35,53.6,48.8,34.1,65.9,42.8,26.1,51.3,38.8,32.4,51.9,60.3,39.0,90.9,81.4,73.8,55.0,44.7,24.6,71.7,62.8,58.4,56.8,80.6,69.2,68.0,81.1,71.7,68.7,73.4,61.5,3,5,11,0,0,0,0,1,0,0,0,0,-19.5,-39.8,-18.9,12.4,8,-7.2,65,45,59.3
CNF1504,Wealth Management,Manager,Toronto,34,17,0,0,23.6,Hybrid,Hybrid,In-Person,More office,32,48,16,53.6,49.2,25.2,45.2,45.5,26.8,84.8,63.7,69.2,81.6,93.6,89.6,71.4,73.9,73.0,76.0,70.9,62.1,52.2,55.0,46.9,49.6,50.9,51.6,51.6,54.3,42.4,49.7,46.7,49.7,2,2,4,0,0,0,0,0,1,0,0,0,-28.4,-18.3,-15.5,2.0,2,0.1,100,20,40.2
CNF1505,Pension Administration,Analyst,Toronto,33,0,1,1,22.2,Hybrid,In-Person,In-Person,More office,27,45,18,55.8,57.7,52.7,57.3,69.9,49.6,46.6,43.8,40.7,50.0,40.1,40.9,71.7,69.6,64.7,70.2,47.4,52.2,64.6,55.8,57.7,67.6,52.7,67.1,73.7,54.7,71.0,35.2,36.1,30.0,2,0,0,0,0,0,1,0,0,1,1,0,-3.1,-7.7,-5.9,-0.5,-2,-5.2,65,55,38.3
CNF1506,Wealth Management,Senior Analyst,Vancouver,30,4,1,0,31.4,Hybrid,In-Person,In-Person,More office,46,82,36,70.6,58.1,45.9,69.4,54.7,37.0,64.7,62.9,61.5,64.5,54.0,43.8,42.2,37.6,42.6,61.8,60.6,67.7,84.4,83.1,99.6,46.6,52.0,64.5,55.4,68.5,68.6,31.4,28.8,36.4,1,1,2,0,0,1,1,1,1,0,0,0,-24.6,-32.4,-3.2,17.9,1,5.1,30,45,57.7
CNF1507,Pension Administration,Analyst,Toronto,27,15,1,1,34.2,Remote,Hybrid,Hybrid,More office,47,62,15,59.3,61.7,73.3,54.3,56.9,68.0,56.3,66.3,42.5,75.1,63.1,51.4,53.4,47.6,41.6,71.8,81.4,87.0,65.3,64.7,62.8,71.0,65.3,59.9,68.7,62.4,57.5,43.0,40.9,32.2,12,11,12,0,0,0,0,0,0,1,0,0,14.0,13.7,-13.8,-11.1,0,-10.7,100,40,34.0
CNF1508,Pension Administration,Analyst,Toronto,28,8,0,1,31.8,Remote,Hybrid,In-Person,More office,40,64,24,83.5,88.7,78.3,78.4,99.0,73.5,45.0,47.3,46.9,93.3,100.0,85.6,62.8,72.8,80.9,57.7,47.4,40.7,65.9,57.2,42.7,79.6,89.6,82.9,62.7,97.7,83.1,36.1,31.3,30.0,2,1,3,0,0,0,0,1,1,0,1,0,-5.3,-4.9,2.0,3.3,1,-6.1,65,60,41.5
CNF1509,Retail Banking,Manager,Calgary,37,3,0,1,5.1,Remote,In-Person,In-Person,More office,5,7,2,73.2,69.4,71.6,57.6,80.9,71.3,44.3,42.5,29.4,69.7,70.8,63.6,56.4,48.8,54.3,75.5,63.7,74.5,65.4,67.1,73.9,72.9,70.1,78.4,60.6,59.1,65.0,50.1,45.1,45.1,5,6,8,0,0,0,0,0,1,0,0,0,-1.6,13.6,-14.9,5.6,3,-5.0,100,20,25.3
CNF1510,Pension Administration,Senior Analyst,Vancouver,32,4,0,1,18.6,Hybrid,Hybrid,In-Person,More office,29,39,10,71.8,76.6,81.9,78.8,76.2,88.3,91.2,74.6,61.3,53.7,53.8,53.1,55.3,65.1,79.3,71.1,63.1,66.2,42.9,43.0,37.3,88.0,94.6,98.1,87.3,100.0,93.2,48.7,41.5,32.3,10,13,14,1,0,0,0,0,0,0,0,1,10.1,9.5,-29.9,10.1,4,-16.4,100,30,30.7
CNF1511,Pension Administration,Director,Toronto,37,2,0,1,22.9,In-Person,Hybrid,In-Person,No change,40,40,0,95.0,87.0,90.5,99.0,81.4,94.0,73.5,63.3,41.0,72.3,76.0,77.3,69.9,75.6,60.9,46.0,10.0,10.0,55.6,55.3,54.5,49.3,35.9,15.0,45.7,20.0,20.0,44.6,43.2,43.8,0,0,0,0,0,1,1,0,0,0,1,0,-4.5,-4.9,-32.6,-34.3,0,-0.8,65,15,7.5
CNF1512,Wealth Management,Analyst,Toronto,28,2,0,1,34.6,Remote,In-Person,In-Person,More office,45,63,18,66.8,66.9,53.7,100.0,50.6,62.2,54.2,54.8,59.0,42.0,33.1,25.0,49.8,34.9,22.2,43.0,49.7,61.5,47.0,37.3,42.8,73.8,67.9,84.2,71.2,66.8,85.8,70.0,65.7,64.0,5,9,10,0,0,0,0,0,0,0,0,0,-13.2,-37.8,4.9,10.4,5,-6.0,100,20,47.3
CNF1513,Wealth Management,Director,Toronto,48,1,1,1,25.5,Remote,Hybrid,In-Person,More office,30,48,18,71.3,87.5,78.0,61.7,92.2,91.6,49.1,39.0,18.1,68.2,59.6,60.9,36.2,43.8,36.5,78.2,81.2,80.4,71.8,66.0,63.7,98.0,96.2,96.4,96.4,100.0,100.0,44.9,43.0,43.0,0,0,2,0,0,0,0,0,0,0,1,0,6.7,30.0,-31.0,-1.6,2,-1.9,100,35,36.0
CNF1514,Retail Banking,Manager,Toronto,33,6,0,0,34.2,In-Person,Remote,In-Person,No change,49,49,0,31.3,34.6,21.9,37.1,26.3,45.2,64.0,48.7,43.4,54.2,62.3,77.5,67.4,74.0,64.9,50.4,58.2,54.7,70.6,67.9,62.7,64.9,75.8,66.0,75.6,79.2,68.4,57.6,56.5,63.1,10,11,9,0,1,0,0,1,0,0,0,0,-9.4,8.1,-20.6,1.1,-1,5.5,65,25,6.0
CNF1515,Retail Banking,Senior Analyst,Calgary,39,5,1,0,7.7,In-Person,In-Person,In-Person,No change,5,5,0,78.4,87.5,82.8,62.3,88.4,89.8,75.1,55.4,57.5,75.1,82.1,91.4,36.0,30.2,20.7,83.6,86.4,80.3,64.5,58.4,54.4,59.8,49.4,53.7,55.9,60.8,73.9,54.5,56.0,50.5,0,0,1,0,1,0,0,1,0,0,0,0,4.4,27.5,-17.6,-6.1,1,-4.0,65,25,6.0
CNF1516,Retail Banking,Director,Toronto,47,7,1,1,41.9,Hybrid,Hybrid,In-Person,More office,68,98,30,53.8,53.7,34.2,43.7,57.9,10.0,42.7,46.6,54.4,72.1,69.7,67.2,66.8,62.1,69.1,81.3,72.0,58.5,54.0,58.1,55.5,60.0,76.6,74.5,58.4,77.2,68.6,52.3,51.2,47.5,3,1,2,0,0,0,0,0,0,0,0,0,-19.5,-33.7,11.6,14.5,-1,-4.8,100,20,54.1
CNF1517,Wealth Management,Analyst,Calgary,40,3,0,0,27.8,Remote,In-Person,Hybrid,More office,29,51,22,64.3,59.1,44.6,65.3,63.0,18.6,71.7,70.0,60.1,72.1,75.5,61.7,70.9,73.2,66.5,45.2,42.5,30.4,64.3,61.4,65.0,73.1,77.8,64.7,85.6,77.8,61.0,53.6,47.5,47.0,2,0,0,0,0,1,0,0,0,0,1,1,-19.7,-46.7,-11.7,-8.5,-2,-6.6,100,45,52.7
CNF1518,Pension Administration,Manager,Vancouver,32,5,1,1,15.0,In-Person,In-Person,In-Person,No change,26,26,0,72.4,72.1,71.8,81.9,56.4,72.2,86.7,88.1,72.5,55.9,43.1,42.3,57.1,58.5,59.9,78.4,95.9,100.0,55.2,44.7,43.4,49.6,49.2,41.7,53.8,53.5,32.6,46.7,41.9,29.2,8,10,10,0,1,0,0,0,0,1,1,0,-0.7,-9.7,-14.3,-7.9,2,-17.6,100,35,8.9
CNF1519,Pension Administration,Analyst,Calgary,44,2,3,0,28.6,Hybrid,Hybrid,In-Person,More office,50,89,39,70.7,66.4,47.7,92.5,53.7,47.5,72.3,64.8,63.8,76.1,78.3,63.2,66.1,58.6,46.1,56.7,54.5,58.9,91.6,100.0,97.1,65.3,78.1,66.0,59.3,84.4,62.3,80.3,82.9,78.2,6,4,6,0,0,0,0,0,0,1,1,0,-22.9,-45.0,-8.5,0.7,0,-2.2,100,55,63.5
CNF1520,Pension Administration,Senior Analyst,Toronto,39,2,1,1,24.2,Remote,Hybrid,In-Person,More office,35,58,23,64.6,60.4,56.9,70.5,55.9,33.9,56.9,46.4,39.9,32.6,33.4,23.2,55.8,53.3,30.9,73.6,78.9,77.0,80.4,73.7,55.5,80.4,81.3,100.0,86.8,94.7,100.0,64.0,67.2,65.5,1,3,5,0,0,0,0,0,0,0,0,0,-7.8,-36.6,-16.9,19.6,4,1.4,100,20,50.3
CNF1521,Wealth Management,Analyst,Toronto,57,22,2,0,18.1,Hybrid,In-Person,In-Person,More office,22,35,13,77.7,72.1,56.8,65.7,86.6,53.4,59.9,66.7,74.7,59.7,63.8,58.6,52.3,53.7,49.7,82.4,82.1,74.5,86.9,82.6,63.4,61.6,65.5,53.9,69.7,66.1,54.8,41.5,41.1,47.9,3,1,0,0,1,0,1,0,0,0,0,1,-20.8,-12.3,14.8,-7.7,-3,6.4,65,30,36.4
CNF1522,Wealth Management,Manager,Calgary,37,2,0,1,23.9,In-Person,In-Person,Hybrid,More flexible,37,37,0,60.3,60.1,56.8,66.9,73.1,53.7,57.4,31.8,36.2,33.9,33.3,32.8,47.7,59.3,50.2,58.3,51.4,51.8,67.4,66.3,62.6,57.2,56.3,49.0,75.9,62.5,31.1,68.2,67.1,66.3,1,0,0,0,0,0,1,0,1,0,0,1,-3.5,-13.2,-21.2,-8.2,-1,-1.9,65,10,7.0
CNF1523,Wealth Management,Senior Analyst,Toronto,42,2,1,1,53.2,Remote,Remote,In-Person,More office,68,101,33,71.7,81.0,57.5,74.5,87.0,31.4,44.5,33.8,45.2,82.2,88.9,86.5,54.4,57.7,62.5,77.0,70.3,72.0,64.1,66.2,73.0,60.3,42.0,55.8,66.2,40.1,72.1,56.6,57.8,52.7,10,9,11,0,0,0,0,1,1,0,1,0,-14.2,-43.1,0.6,-4.6,1,-3.9,65,60,58.9
CNF1524,Retail Banking,Analyst,Toronto,49,5,1,0,32.3,In-Person,In-Person,In-Person,No change,46,46,0,95.0,95.2,89.8,98.8,89.4,98.6,82.3,78.9,83.9,68.0,67.9,83.7,54.4,55.0,41.2,55.3,31.3,19.3,57.8,52.0,59.4,53.6,71.7,63.5,65.3,64.8,66.7,49.0,46.0,52.3,2,2,0,1,0,0,1,1,0,0,1,0,-5.2,-0.2,1.6,9.9,-2,3.4,30,40,6.1
CNF1525,Wealth Management,Manager,Toronto,36,3,0,1,38.5,In-Person,In-Person,In-Person,No change,57,57,0,67.4,67.1,56.6,71.3,58.7,55.2,52.0,51.2,34.0,61.8,64.8,62.6,50.3,40.1,48.4,66.8,67.7,78.0,44.4,36.3,37.0,97.8,89.8,85.2,96.1,100.0,90.7,51.5,50.2,48.9,2,2,5,0,0,0,0,0,0,0,1,0,-10.9,-16.1,-18.0,-12.6,3,-2.5,100,15,10.8
CNF1526,Retail Banking,Senior Analyst,Vancouver,47,11,3,1,15.3,In-Person,In-Person,In-Person,No change,28,28,0,85.3,81.9,78.7,89.6,71.4,71.1,72.7,82.1,70.3,67.7,64.6,65.6,54.4,58.7,52.2,63.8,51.4,46.8,57.1,61.9,54.9,73.8,61.2,49.2,71.5,63.2,51.2,42.0,43.5,47.2,1,1,5,1,0,0,0,0,0,0,1,0,-6.6,-18.5,-2.5,-24.6,4,5.2,100,15,11.5
CNF1527,Wealth Management,Senior Analyst,Toronto,52,11,0,1,39.2,In-Person,In-Person,In-Person,No change,49,49,0,43.8,45.6,45.4,36.8,54.8,68.3,42.0,41.2,28.9,64.8,84.0,63.1,48.4,42.5,40.2,72.8,69.6,69.1,75.6,63.0,53.3,86.8,73.5,50.0,95.2,80.8,44.8,52.4,53.5,48.6,7,6,5,0,0,1,0,0,0,1,0,0,1.6,31.4,-13.1,-36.7,-2,-3.8,100,20,6.0
CNF1528,Retail Banking,Director,Toronto,42,0,0,1,21.0,Hybrid,Hybrid,In-Person,More office,39,63,24,66.4,73.0,54.3,66.9,71.0,33.7,50.6,45.4,46.5,71.6,77.8,62.8,63.1,58.0,60.1,41.3,44.0,37.1,82.5,88.5,79.9,66.2,59.1,60.7,63.8,75.1,61.2,58.6,53.4,48.9,5,4,4,0,0,0,0,1,0,0,1,0,-12.1,-33.2,-4.1,-5.5,-1,-9.7,65,60,50.0
CNF1529,Retail Banking,Analyst,Toronto,40,2,1,0,35.3,Hybrid,In-Person,In-Person,More office,55,96,41,70.8,84.6,57.8,78.9,89.3,76.5,69.6,70.1,68.4,56.0,45.5,29.2,58.8,50.1,41.0,60.3,59.5,48.4,59.9,49.7,52.2,84.1,69.3,65.5,75.5,70.0,40.9,50.0,53.1,56.1,6,5,4,0,0,0,0,1,0,1,0,0,-13.0,-2.5,-1.2,-18.6,-2,6.1,65,65,52.1
CNF1530,Wealth Management,Analyst,Calgary,44,2,1,0,29.1,In-Person,In-Person,In-Person,No change,46,46,0,46.5,41.2,32.5,44.2,41.7,41.0,44.0,23.3,10.0,77.3,77.8,83.6,76.7,59.1,47.3,54.4,53.7,42.0,76.8,74.3,77.3,76.4,90.7,100.0,91.9,91.9,100.0,33.7,33.6,35.5,5,4,3,0,0,0,1,1,0,0,0,0,-14.0,-3.3,-34.0,23.6,-2,1.9,30,25,7.0
CNF1531,Pension Administration,Analyst,Vancouver,35,3,0,0,31.3,Hybrid,In-Person,In-Person,More office,47,66,19,57.5,58.6,55.6,53.6,59.6,52.8,48.8,52.9,44.8,80.4,82.4,72.8,54.8,65.8,73.9,63.3,72.8,56.4,84.3,73.6,61.5,69.3,66.6,68.2,67.2,59.3,73.7,51.0,52.3,52.3,0,0,3,0,0,0,0,0,0,1,0,0,-1.8,-0.7,-3.9,-1.1,3,1.3,100,40,36.9
CNF1532,Wealth Management,Senior Analyst,Calgary,48,0,2,0,11.2,Remote,Hybrid,In-Person,More office,10,15,5,66.0,65.1,43.8,69.6,71.2,23.2,60.2,66.5,70.8,64.6,59.9,63.2,46.9,51.9,55.4,35.9,37.7,45.5,72.8,68.0,69.5,54.6,44.6,54.5,62.3,38.8,58.0,57.0,44.9,45.1,2,1,2,0,0,0,0,0,0,0,0,0,-22.2,-46.4,10.6,-0.1,0,-11.9,100,20,41.2
CNF1533,Wealth Management,Analyst,Vancouver,37,0,1,1,24.2,Hybrid,Hybrid,Remote,More flexible,29,29,0,65.0,50.4,41.2,67.7,51.4,41.2,63.7,74.4,69.8,47.0,54.4,56.2,55.4,71.2,62.8,52.2,11.1,21.4,56.5,60.0,64.8,96.0,100.0,80.0,100.0,100.0,95.0,43.7,31.4,29.7,3,1,1,0,0,0,1,0,0,1,1,1,-23.8,-26.5,6.2,-16.0,-2,-14.0,65,45,11.0
CNF1534,Pension Administration,Analyst,Toronto,30,13,0,0,12.7,Remote,In-Person,In-Person,More office,23,33,10,89.8,80.2,80.2,95.7,87.6,77.9,50.9,55.1,50.6,55.0,54.2,38.9,26.4,10.0,10.0,85.1,73.3,72.5,74.9,68.7,67.9,79.8,77.2,90.0,100.0,63.9,84.0,53.3,45.5,41.1,1,5,4,0,0,0,1,0,0,0,1,0,-9.6,-17.8,-0.3,10.3,3,-12.2,65,35,36.0
CNF1535,Wealth Management,Analyst,Toronto,38,0,0,1,25.3,Hybrid,Hybrid,In-Person,More office,37,65,28,70.1,62.3,44.5,60.2,28.4,25.3,70.2,54.1,67.4,49.7,58.3,47.9,68.0,57.3,58.8,75.2,74.6,60.1,77.3,78.5,92.9,58.6,63.9,56.3,53.2,59.1,64.5,49.7,47.0,43.0,4,1,5,0,1,0,0,0,1,0,0,0,-25.6,-34.9,-2.8,-2.2,1,-6.8,100,20,53.1
CNF1536,Wealth Management,Analyst,Toronto,42,10,2,0,4.1,Hybrid,In-Person,Hybrid,No change,7,7,0,47.0,50.7,49.4,39.2,45.0,49.1,95.0,86.1,79.8,69.7,80.9,73.6,95.0,69.5,52.3,26.5,10.0,10.0,59.5,72.4,63.5,75.3,62.0,56.8,80.7,60.7,42.5,51.4,48.1,39.1,0,0,5,0,0,0,1,0,0,0,1,0,2.4,9.9,-15.2,-18.5,5,-12.3,65,15,6.0
CNF1537,Retail Banking,Manager,Calgary,42,2,0,0,24.8,Hybrid,In-Person,In-Person,More office,35,58,23,48.6,54.4,44.3,44.3,65.4,28.2,66.0,69.9,73.8,46.5,51.8,47.3,54.3,42.3,41.5,72.7,74.8,78.2,68.5,65.8,67.2,63.8,61.0,34.6,62.5,53.9,44.1,26.5,22.5,19.7,0,0,3,0,0,0,0,0,0,1,0,0,-4.4,-16.1,7.9,-29.2,3,-6.8,100,40,44.2
CNF1538,Pension Administration,Manager,Toronto,40,1,1,1,16.9,Hybrid,In-Person,In-Person,More office,18,28,10,50.5,45.0,49.0,48.7,41.0,45.8,52.8,37.7,41.6,71.0,68.9,63.8,79.7,85.2,97.3,59.1,64.4,58.9,68.3,61.4,66.9,53.5,78.3,81.2,54.7,90.4,72.5,36.3,30.7,32.6,2,0,0,0,0,0,0,0,0,0,1,1,-1.5,-2.9,-11.2,27.7,-2,-3.7,100,45,31.5
CNF1539,Pension Administration,Analyst,Vancouver,35,2,1,1,25.3,Remote,Hybrid,In-Person,More office,29,47,18,61.9,70.6,44.2,53.1,80.5,52.9,84.8,92.1,94.2,71.7,58.1,37.2,39.7,42.6,44.5,89.9,79.8,66.6,61.5,63.0,65.3,85.3,78.3,88.1,76.4,68.4,87.4,56.5,48.6,42.8,7,5,7,0,0,0,0,1,1,0,1,1,-17.7,-0.2,9.4,2.8,0,-13.8,65,70,36.1
CNF1540,Retail Banking,Analyst,Toronto,35,0,1,0,13.9,In-Person,In-Person,In-Person,No change,20,20,0,69.0,58.1,56.8,79.2,40.7,52.1,51.1,44.6,49.6,87.1,95.1,87.7,55.3,63.3,57.3,55.4,38.0,22.5,70.6,63.2,60.7,76.6,72.7,69.0,75.9,69.4,65.6,49.7,46.0,44.9,0,0,0,0,0,0,1,1,0,0,0,0,-12.2,-27.1,-1.4,-7.6,0,-4.8,30,25,14.1
CNF1541,Wealth Management,Manager,Calgary,30,0,0,0,8.3,Hybrid,In-Person,Hybrid,No change,14,14,0,77.1,71.6,70.6,76.1,68.5,57.5,49.5,48.9,24.9,86.0,73.5,70.0,38.9,43.5,22.6,45.7,49.6,47.6,49.5,55.4,60.3,66.0,73.1,68.4,65.2,64.8,85.8,45.3,41.0,30.1,2,1,1,0,0,0,0,0,0,0,0,0,-6.5,-18.6,-24.6,2.4,-1,-15.2,100,0,11.6
CNF1542,Pension Administration,Senior Analyst,Toronto,27,11,1,1,32.0,In-Person,In-Person,In-Person,No change,47,47,0,69.0,70.5,75.3,79.4,60.5,73.9,64.9,41.6,45.5,84.0,92.3,100.0,47.3,61.6,59.6,81.0,78.1,86.2,60.1,64.7,69.7,69.8,72.9,62.1,62.9,80.8,58.5,61.1,64.5,56.9,7,7,12,0,0,0,0,0,0,0,0,0,6.3,-5.5,-19.4,-7.7,5,-4.2,100,0,7.6
CNF1543,Pension Administration,Senior Analyst,Calgary,44,1,0,0,30.4,Hybrid,In-Person,In-Person,More office,41,60,19,75.1,69.6,56.1,58.1,57.2,42.7,50.5,35.6,18.1,59.4,57.3,60.1,62.2,80.5,80.7,56.7,61.0,55.6,72.3,67.7,59.0,66.2,52.0,62.8,59.7,58.7,63.6,61.2,63.8,66.1,0,0,1,0,1,0,0,0,0,0,1,0,-19.0,-15.4,-32.4,-3.4,1,4.9,100,35,41.3
CNF1544,Wealth Management,Manager,Toronto,29,16,1,1,15.4,In-Person,In-Person,In-Person,No change,24,24,0,67.5,69.5,58.0,72.7,83.8,59.7,48.6,37.5,41.1,60.0,70.1,81.5,46.6,44.5,57.2,69.8,61.4,48.2,82.4,100.0,88.2,65.1,79.2,86.6,74.3,91.3,85.4,51.9,45.1,37.6,3,1,5,0,0,0,0,1,0,0,0,0,-9.5,-13.0,-7.5,21.5,2,-14.3,65,25,9.9
CNF1545,Retail Banking,Analyst,Calgary,48,0,0,0,10.3,Remote,Hybrid,In-Person,More office,17,26,9,83.0,82.4,68.0,81.8,81.7,75.8,55.3,42.6,36.4,41.1,23.5,27.2,66.0,71.9,72.7,45.7,65.9,72.5,53.3,54.8,59.5,37.5,46.2,57.1,37.6,46.7,49.1,51.0,49.0,51.9,4,2,1,0,0,0,0,0,0,0,0,0,-15.0,-6.0,-18.9,19.7,-3,0.8,100,20,31.8
CNF1546,Pension Administration,Senior Analyst,Toronto,24,13,0,0,53.5,In-Person,In-Person,In-Person,No change,81,81,0,51.4,48.6,55.1,66.1,63.0,56.3,62.4,72.6,57.5,73.6,71.0,80.2,65.5,86.4,78.6,68.0,73.4,71.1,67.3,78.9,82.1,59.4,73.4,67.7,54.7,69.5,62.8,72.4,76.0,83.0,1,1,0,0,0,0,0,0,0,0,0,1,3.7,-9.9,-5.0,8.3,-1,10.6,100,10,9.0
CNF1547,Pension Administration,Senior Analyst,Calgary,42,3,0,0,16.4,Remote,Remote,In-Person,More office,26,35,9,41.6,38.4,56.3,33.9,31.9,23.0,55.0,46.5,26.9,72.1,76.0,83.9,59.1,59.7,64.1,57.9,64.9,65.3,43.9,32.8,22.7,71.1,58.8,58.5,77.8,53.8,48.1,62.1,63.6,60.4,12,13,15,0,1,0,0,0,0,0,1,0,14.8,-10.9,-28.1,-12.6,3,-1.7,100,35,33.3
CNF1548,Pension Administration,Director,Calgary,39,1,0,0,29.0,Hybrid,In-Person,In-Person,More office,38,49,11,53.5,60.5,57.9,54.9,81.8,60.5,38.3,32.0,14.9,76.2,74.2,78.7,68.0,65.3,66.5,48.4,43.2,40.5,50.3,51.7,44.8,75.4,77.6,70.8,70.7,90.0,58.2,60.7,55.1,49.9,1,0,2,0,0,0,0,0,0,0,0,0,4.4,5.6,-23.4,-4.5,1,-10.7,100,20,31.3
CNF1549,Retail Banking,Senior Analyst,Toronto,30,19,1,0,1.0,Hybrid,Hybrid,In-Person,More office,5,7,2,84.2,72.4,72.4,77.3,75.5,53.8,51.4,59.8,50.1,61.3,66.6,59.5,53.6,43.3,38.5,78.2,84.6,87.5,54.2,47.8,45.4,67.0,74.0,83.8,79.2,72.4,79.0,60.4,65.9,57.8,7,7,4,0,0,1,0,0,0,0,0,0,-11.9,-23.5,-1.3,16.8,-3,-2.6,100,20,32.4
CNF1550,Wealth Management,Manager,Toronto,43,0,0,1,66.2,In-Person,In-Person,In-Person,No change,98,98,0,47.8,43.8,32.7,32.2,35.9,30.4,57.9,52.9,60.8,72.5,61.3,66.7,55.1,42.1,35.2,35.0,18.6,23.2,80.9,75.7,80.5,78.1,76.9,55.9,72.2,74.7,60.2,71.7,65.7,59.1,0,0,0,0,0,0,1,0,1,1,0,1,-15.1,-1.7,2.9,-22.2,0,-12.6,65,30,6.5
CNF1551,Retail Banking,Manager,Toronto,44,2,1,0,18.8,Hybrid,Hybrid,Hybrid,No change,18,18,0,72.9,62.4,61.5,54.8,61.2,52.9,57.0,46.0,39.8,31.3,32.1,32.4,49.1,38.1,36.2,51.7,33.3,41.6,66.4,72.7,58.0,67.3,80.1,73.4,68.7,70.9,64.9,67.9,69.2,66.5,6,6,4,0,0,0,1,0,0,0,0,1,-11.5,-1.9,-17.2,6.1,-2,-1.4,65,10,6.6
CNF1552,Pension Administration,VP,Toronto,32,3,1,1,30.4,Remote,Hybrid,In-Person,More office,47,66,19,65.8,66.1,53.1,69.1,55.7,47.3,84.6,80.9,63.4,57.3,55.0,50.6,46.3,42.3,37.8,55.8,62.5,62.4,46.8,43.6,34.4,70.9,74.3,73.9,70.0,58.3,91.5,58.5,50.0,50.8,1,0,0,0,0,0,0,0,0,1,0,0,-12.7,-21.8,-21.3,3.0,-1,-7.7,100,40,43.2
CNF1553,Pension Administration,Analyst,Toronto,32,0,0,1,52.7,In-Person,In-Person,In-Person,No change,70,70,0,93.5,98.7,91.8,77.9,88.2,100.0,52.8,37.0,43.3,66.1,50.7,53.2,28.5,10.0,10.0,63.4,52.0,57.4,56.5,60.2,55.4,81.4,73.8,67.1,70.9,85.3,69.8,41.7,42.1,35.6,6,3,5,0,0,0,1,0,0,1,1,0,-1.7,22.1,-9.5,-14.3,-1,-6.2,65,35,6.0
CNF1554,Pension Administration,Director,Calgary,34,3,1,0,12.4,Remote,In-Person,In-Person,More office,19,32,13,62.3,59.6,61.2,49.9,56.4,36.8,66.1,61.4,67.3,54.3,57.8,62.3,68.6,85.1,75.2,62.6,45.3,24.5,83.9,88.6,83.8,81.0,88.6,83.1,81.1,91.8,87.8,60.2,49.5,49.6,0,0,1,0,0,0,0,1,0,1,1,0,-1.1,-13.1,1.2,2.1,1,-10.6,65,80,36.6
CNF1555,Wealth Management,Senior Analyst,Toronto,31,0,2,1,36.0,Hybrid,In-Person,In-Person,More office,44,65,21,70.7,62.5,54.9,78.9,68.9,50.6,92.3,93.1,85.3,45.9,47.5,41.8,48.0,53.4,54.7,62.0,56.4,49.0,72.1,82.0,78.0,60.4,75.0,80.7,66.6,70.6,89.5,56.6,47.8,44.5,10,9,11,0,0,0,0,0,0,0,0,0,-15.8,-28.3,-7.0,20.3,1,-12.1,100,20,46.5
CNF1556,Pension Administration,Senior Analyst,Toronto,49,0,1,0,25.7,Hybrid,Hybrid,In-Person,More office,34,54,20,64.9,61.8,56.2,61.3,69.0,65.8,77.4,87.4,93.0,61.9,64.2,70.6,65.4,54.3,52.4,58.0,31.7,44.2,68.8,80.2,75.8,61.8,61.3,58.1,57.1,71.8,52.7,36.9,41.0,37.3,1,0,1,0,0,0,1,0,0,0,1,0,-8.7,4.5,15.6,-3.7,0,0.4,65,35,37.3
CNF1557,Pension Administration,Director,Calgary,32,0,1,0,18.7,Remote,Remote,In-Person,More office,15,21,6,66.3,79.1,55.4,72.1,70.9,49.5,29.8,26.1,11.1,81.9,76.4,75.0,23.1,35.4,20.3,47.9,55.9,48.6,51.2,53.8,36.0,68.4,81.8,82.7,92.9,77.5,80.3,39.8,36.5,32.0,0,0,2,0,0,0,0,1,1,0,1,0,-10.9,-22.5,-18.7,14.3,2,-7.8,65,60,34.8
CNF1558,Pension Administration,Analyst,Toronto,26,9,2,1,55.0,In-Person,Hybrid,In-Person,No change,66,66,0,73.0,64.6,52.8,68.3,69.0,72.5,88.0,96.2,98.2,89.8,99.8,100.0,76.5,63.3,63.8,54.3,39.0,36.3,65.5,71.3,56.5,49.2,62.4,57.7,54.0,64.9,64.1,49.8,48.5,50.3,2,3,2,0,0,0,1,0,0,0,0,0,-20.2,4.2,10.3,8.5,0,0.5,65,0,6.0
CNF1559,Wealth Management,Director,Toronto,40,11,0,0,1.0,Remote,Hybrid,Hybrid,More office,5,8,3,77.4,80.2,71.8,61.7,66.1,76.3,43.4,30.9,14.9,58.0,67.2,68.5,45.9,52.2,54.7,71.1,62.2,55.1,88.9,89.1,87.3,75.8,77.6,79.6,88.4,69.8,81.8,57.3,54.5,62.6,0,0,0,0,1,0,0,0,0,0,1,0,-5.7,14.7,-28.5,3.8,0,5.4,100,35,26.0
CNF1560,Pension Administration,Manager,Toronto,47,0,1,1,46.8,Remote,In-Person,Hybrid,More office,70,124,54,62.3,49.0,28.0,77.1,42.1,34.7,59.3,45.3,48.1,64.9,65.5,48.9,48.2,43.6,47.3,48.9,42.7,41.1,51.2,42.2,42.7,79.1,85.7,77.1,81.7,77.5,80.6,77.1,77.9,78.6,4,5,10,0,0,0,0,0,0,0,1,0,-34.3,-42.4,-11.2,-1.9,6,1.5,100,35,72.7
CNF1561,Retail Banking,Director,Toronto,47,6,1,1,39.0,In-Person,In-Person,In-Person,No change,54,54,0,83.0,69.3,57.0,72.4,68.4,48.1,95.0,82.8,76.2,68.1,57.6,57.2,51.1,45.6,46.9,39.9,42.2,48.2,82.1,100.0,100.0,98.0,100.0,100.0,89.8,100.0,100.0,36.6,32.2,38.3,6,2,5,0,0,0,0,0,1,0,1,0,-26.0,-24.3,-18.8,2.0,-1,1.7,100,15,13.3
CNF1562,Retail Banking,Senior Analyst,Toronto,32,16,1,1,34.5,Hybrid,Remote,Hybrid,No change,48,48,0,61.9,56.8,49.2,53.7,47.6,47.0,47.6,45.3,49.4,75.2,50.1,37.5,40.4,36.2,34.4,47.0,53.4,44.7,61.7,52.4,51.2,76.3,75.8,87.0,60.5,71.0,95.6,83.0,74.1,70.7,3,5,3,0,0,0,0,1,0,1,0,0,-12.8,-6.7,1.8,10.7,0,-12.3,65,45,8.0
CNF1563,Wealth Management,Senior Analyst,Toronto,36,2,0,1,9.9,Hybrid,In-Person,In-Person,More office,12,21,9,48.9,49.2,57.7,58.4,43.9,52.2,68.3,61.7,38.0,42.2,42.7,32.8,53.1,52.7,41.3,40.0,44.4,47.2,80.8,76.4,60.5,71.0,70.6,70.1,57.5,78.0,75.6,59.5,58.7,48.0,4,2,3,0,0,0,0,0,0,0,0,0,8.8,-6.2,-30.3,-0.9,-1,-11.5,100,20,31.9
CNF1564,Wealth Management,Senior Analyst,Calgary,22,0,1,1,14.8,Remote,In-Person,In-Person,More office,11,18,7,77.9,63.3,73.2,83.1,61.2,51.8,59.0,38.0,37.5,55.8,57.9,58.2,72.3,76.8,69.2,80.3,83.9,79.5,57.8,68.7,65.8,65.0,80.8,98.7,68.7,78.3,100.0,39.1,43.8,39.5,0,0,2,0,0,1,0,0,0,0,1,0,-4.7,-31.3,-21.5,33.8,2,0.4,100,35,38.0
CNF1565,Retail Banking,Manager,Toronto,36,0,0,0,1.0,Remote,Remote,In-Person,More office,5,6,1,52.6,51.2,66.9,36.2,55.9,53.3,75.7,58.6,60.4,70.1,65.2,60.5,68.1,60.7,52.5,71.0,66.2,53.7,28.2,30.2,26.1,77.3,88.8,89.8,93.5,96.4,95.0,49.1,48.8,39.6,17,17,17,0,0,0,0,1,0,0,0,1,14.3,17.0,-15.4,12.6,0,-9.4,65,55,24.7
CNF1566,Pension Administration,Director,Toronto,43,1,1,1,35.4,Hybrid,In-Person,In-Person,More office,61,96,35,82.1,78.0,67.4,93.4,68.4,84.3,65.0,59.9,58.9,61.2,47.2,49.4,39.7,39.2,30.4,80.9,76.5,86.8,66.7,67.0,60.4,64.9,67.0,68.4,69.8,60.4,61.7,35.1,25.9,23.1,2,0,4,0,0,0,0,0,0,1,0,1,-14.7,-9.1,-6.2,3.5,2,-12.0,100,50,50.1
CNF1567,Wealth Management,Analyst,Toronto,31,0,1,1,41.8,Hybrid,Hybrid,Hybrid,No change,55,55,0,53.3,59.0,47.6,53.2,57.4,50.8,57.8,56.3,59.9,77.9,80.4,82.5,73.9,79.4,47.3,54.1,49.3,55.6,79.5,91.7,100.0,86.2,76.3,67.2,78.8,63.7,74.5,49.4,48.8,38.5,1,3,2,0,0,0,0,0,0,0,1,0,-5.7,-2.4,2.0,-19.0,1,-10.9,100,15,6.7
CNF1568,Pension Administration,Analyst,Toronto,43,2,0,1,49.3,Hybrid,Hybrid,In-Person,More office,66,110,44,52.0,41.1,25.8,53.4,53.2,27.8,42.9,43.1,37.8,72.4,63.7,51.9,38.2,40.7,12.7,78.6,77.6,92.3,65.7,61.1,72.6,56.3,53.1,39.8,59.8,53.9,52.8,67.8,62.9,61.7,1,3,4,0,0,0,0,0,0,0,1,0,-26.1,-25.6,-5.2,-16.4,3,-6.1,100,35,61.0
CNF1569,Wealth Management,VP,Calgary,25,4,3,0,29.9,Hybrid,In-Person,In-Person,More office,37,62,25,62.7,77.3,74.5,56.4,71.7,83.3,84.0,84.6,80.5,67.2,68.3,59.3,47.2,51.9,47.0,72.7,85.3,83.7,65.4,43.0,51.8,71.6,74.5,66.7,76.1,64.4,63.5,62.6,56.5,50.0,0,1,1,0,0,0,0,1,0,0,0,0,11.8,26.9,-3.5,-5.0,1,-12.6,65,45,40.7
CNF1570,Pension Administration,Analyst,Calgary,29,1,0,0,17.2,Hybrid,In-Person,In-Person,More office,16,21,5,59.4,48.0,54.6,44.7,50.3,56.5,49.6,45.6,30.2,62.8,59.1,52.6,69.3,58.2,42.6,66.4,63.5,70.2,71.2,68.5,73.0,82.5,68.2,79.3,67.3,65.8,87.2,77.8,73.5,70.0,1,3,3,0,0,0,1,1,0,0,1,0,-4.7,11.9,-19.5,-3.3,2,-7.8,30,60,27.3
CNF1571,Pension Administration,Director,Toronto,51,2,0,0,36.2,Remote,Remote,In-Person,More office,52,84,32,61.1,52.9,30.2,72.5,46.5,28.9,82.3,98.8,99.5,60.5,66.4,63.2,64.0,60.5,76.0,67.7,72.6,72.1,92.0,86.8,67.2,53.6,58.4,53.5,54.0,63.4,52.6,40.1,31.9,23.3,4,6,9,0,0,0,1,0,0,1,0,0,-30.9,-43.6,17.2,-0.1,5,-16.8,65,40,58.4
CNF1572,Pension Administration,Analyst,Toronto,43,0,0,0,38.9,Remote,In-Person,In-Person,More office,48,70,22,65.4,75.4,68.2,57.2,67.8,71.0,71.9,69.5,50.5,83.7,78.7,75.7,46.3,48.1,35.2,47.7,56.9,51.6,68.5,62.0,72.7,70.2,70.6,58.2,74.1,69.3,53.7,39.9,40.4,41.9,1,0,0,0,0,0,0,0,0,1,1,0,2.8,13.8,-21.4,-12.0,-1,2.0,100,55,38.7
CNF1573,Pension Administration,Analyst,Toronto,43,5,1,1,22.3,Hybrid,Hybrid,In-Person,More office,32,50,18,54.2,62.3,44.0,53.9,68.4,44.7,36.0,29.2,21.6,82.0,67.5,66.8,49.9,48.5,35.5,58.3,66.8,78.5,55.7,57.4,41.5,67.8,65.2,66.2,71.3,65.2,64.8,73.1,70.9,63.2,4,4,2,0,0,0,0,0,0,0,0,0,-10.2,-9.1,-14.4,-1.6,-2,-9.9,100,20,38.7
CNF1574,Wealth Management,Manager,Toronto,35,18,0,1,21.8,Remote,Hybrid,In-Person,More office,29,41,12,70.3,77.1,96.5,76.5,80.8,95.6,57.3,42.6,37.5,43.8,51.6,43.9,44.0,40.1,44.0,71.1,65.8,63.5,53.0,51.0,43.2,93.3,100.0,84.4,90.3,100.0,92.6,73.7,71.4,78.3,6,2,2,0,0,0,1,0,1,0,0,0,26.3,19.1,-19.7,-9.0,-4,4.6,65,20,32.0
CNF1575,Retail Banking,Senior Analyst,Vancouver,40,4,0,0,16.3,Hybrid,Hybrid,Hybrid,No change,21,21,0,74.3,74.2,73.8,76.2,64.6,58.6,70.8,77.9,80.5,68.2,75.9,81.8,41.0,26.2,40.3,79.5,65.3,61.3,56.1,49.1,45.4,76.0,79.8,87.1,77.1,74.2,69.6,60.0,61.3,51.2,10,8,9,0,0,0,1,0,0,0,0,0,-0.6,-17.6,9.8,11.1,-1,-8.8,65,0,11.3
CNF1576,Wealth Management,Analyst,Calgary,28,0,0,0,14.5,In-Person,Hybrid,Hybrid,More flexible,18,18,0,63.9,58.4,66.1,59.4,63.2,55.5,43.1,44.3,35.0,56.3,64.1,69.8,69.9,74.0,72.4,51.9,40.2,42.0,40.9,18.1,17.6,70.1,61.8,52.2,67.6,62.0,52.6,67.7,65.8,64.2,8,7,9,0,0,0,1,0,0,0,1,0,2.3,-3.8,-8.1,-17.8,1,-3.5,65,15,4.1
CNF1577,Pension Administration,Analyst,Calgary,45,3,0,1,1.0,Remote,Hybrid,Hybrid,More office,12,16,4,61.0,63.1,61.2,57.2,69.5,63.9,64.4,73.8,81.7,68.2,62.5,55.1,46.0,22.0,28.5,63.6,74.7,62.6,88.6,97.8,86.0,74.3,75.4,88.8,72.5,76.0,95.2,55.2,55.7,49.2,1,0,3,0,0,0,0,0,1,0,0,0,0.2,6.7,17.2,14.5,2,-6.0,100,20,26.7
CNF1578,Retail Banking,Analyst,Calgary,36,0,3,1,15.9,In-Person,Hybrid,In-Person,No change,20,20,0,52.0,56.8,67.6,32.4,49.1,72.6,73.6,76.1,74.2,39.2,41.6,38.5,92.6,89.5,73.7,56.6,51.3,50.9,75.9,74.2,83.4,64.4,67.1,65.5,66.7,58.1,63.3,53.7,47.7,32.9,1,3,3,0,0,0,0,0,0,0,0,1,15.6,40.2,0.6,1.1,2,-20.7,100,10,6.0
CNF1579,Wealth Management,VP,Toronto,41,0,1,1,38.4,Hybrid,In-Person,In-Person,More office,57,86,29,79.6,68.9,64.8,99.2,70.3,61.9,60.4,59.8,65.8,71.9,68.5,59.3,51.8,53.0,54.6,55.5,43.4,47.6,60.3,49.9,37.7,66.8,72.7,85.0,70.9,74.6,82.6,57.0,54.2,52.7,2,2,5,0,0,0,1,0,0,1,1,0,-14.8,-37.2,5.4,18.2,3,-4.2,65,55,54.5
CNF1580,Pension Administration,Senior Analyst,Toronto,26,1,0,0,14.0,In-Person,In-Person,In-Person,No change,11,11,0,60.1,52.2,42.6,67.9,52.0,48.4,50.1,61.9,61.8,77.2,76.7,69.3,33.7,26.9,32.4,67.2,71.0,51.7,74.8,70.7,69.5,80.9,85.2,84.2,80.0,77.8,94.9,52.5,50.7,43.6,0,0,3,0,1,0,1,1,0,1,0,0,-17.4,-19.5,11.7,3.3,3,-8.9,30,45,11.9
CNF1581,Pension Administration,Analyst,Toronto,47,0,0,0,29.9,Remote,Hybrid,Hybrid,More office,58,76,18,84.6,83.4,81.4,78.7,70.6,75.5,34.9,38.5,27.6,64.9,68.9,68.6,47.0,42.7,36.2,86.3,87.5,95.9,65.2,60.6,55.6,53.3,68.0,73.7,48.0,70.0,64.9,43.4,47.0,54.9,2,1,4,0,0,0,0,0,0,0,0,1,-3.2,-3.2,-7.3,20.4,2,11.5,100,30,36.9
CNF1582,Pension Administration,Analyst,Toronto,24,0,1,0,19.7,In-Person,In-Person,In-Person,No change,41,41,0,77.8,75.7,85.7,85.6,58.0,71.9,54.0,48.1,51.2,62.2,70.9,76.5,58.8,70.4,71.8,15.7,16.4,26.4,81.6,88.0,87.9,98.0,100.0,92.5,100.0,90.2,91.7,57.1,60.1,61.7,0,0,0,0,0,0,0,0,0,0,1,0,8.0,-13.7,-2.9,-5.5,0,4.6,100,15,10.1
CNF1583,Retail Banking,Analyst,Toronto,45,3,2,1,22.4,In-Person,In-Person,In-Person,No change,27,27,0,95.0,81.6,73.7,99.6,80.2,69.9,84.7,82.0,77.7,63.7,77.2,95.5,84.3,88.6,92.6,64.2,61.1,73.3,54.8,61.2,73.5,65.2,64.4,71.1,74.1,59.2,72.7,51.1,48.1,42.4,9,7,9,1,0,0,0,0,0,1,1,0,-21.3,-29.7,-7.0,5.9,0,-8.6,100,35,14.9
CNF1584,Wealth Management,Senior Analyst,Calgary,37,3,1,0,28.6,Remote,In-Person,Hybrid,More office,40,68,28,34.8,21.5,13.6,38.2,33.1,10.0,63.2,66.1,47.0,56.5,58.7,49.4,62.9,57.8,59.7,36.5,10.0,10.5,49.4,51.2,46.9,65.1,77.0,66.2,59.6,74.2,75.8,49.3,45.1,42.2,9,9,11,0,0,1,1,0,0,1,1,0,-21.3,-28.2,-16.1,1.2,2,-7.1,65,55,51.1
CNF1585,Wealth Management,Analyst,Calgary,40,0,0,1,18.7,Hybrid,Remote,In-Person,More office,37,56,19,52.8,49.2,34.2,62.3,59.5,21.2,59.4,53.4,57.7,64.3,44.7,33.4,59.7,49.6,42.7,59.8,63.3,78.3,39.5,41.1,44.2,56.0,59.9,47.9,57.3,58.3,57.1,48.9,42.0,36.3,3,1,1,0,0,0,0,0,0,0,0,0,-18.6,-41.1,-1.7,-8.1,-2,-12.6,100,20,49.0
CNF1586,Wealth Management,Analyst,Vancouver,22,16,2,0,8.9,Hybrid,Remote,Hybrid,No change,10,10,0,72.8,71.1,78.0,77.8,70.4,55.7,70.6,60.4,48.0,86.5,88.8,77.8,90.8,84.6,83.2,49.0,46.2,47.4,54.2,61.5,54.4,68.6,50.3,39.1,65.3,61.6,35.7,60.7,64.0,57.7,1,1,3,0,0,1,0,0,0,0,0,0,5.3,-22.1,-22.6,-29.5,2,-3.0,100,0,12.6
CNF1587,Retail Banking,Analyst,Vancouver,33,0,2,0,5.5,Remote,In-Person,In-Person,More office,14,21,7,73.4,68.6,56.9,64.6,61.8,35.9,76.2,77.0,71.6,50.1,37.6,14.0,65.9,63.4,79.2,68.7,72.0,78.1,67.9,67.0,67.2,80.2,90.7,82.2,84.4,92.9,78.1,45.2,44.7,47.4,6,4,8,0,0,1,0,0,0,1,0,1,-16.5,-28.7,-4.5,2.0,2,2.1,100,50,37.3
CNF1588,Wealth Management,Manager,Vancouver,34,0,0,0,4.2,In-Person,In-Person,In-Person,No change,8,8,0,43.6,44.9,40.0,26.8,36.3,43.2,54.4,47.0,39.1,66.2,68.1,58.5,33.7,16.9,10.0,25.4,29.6,21.9,63.3,59.3,63.1,74.8,77.1,82.5,67.5,83.8,73.8,55.4,51.4,44.8,2,1,2,1,0,0,0,0,0,1,1,0,-3.6,16.4,-15.3,7.7,0,-10.6,100,35,6.0
CNF1589,Retail Banking,VP,Calgary,54,8,2,0,12.1,Remote,Hybrid,In-Person,More office,15,23,8,57.5,47.5,34.5,58.3,60.5,20.8,66.0,59.2,68.9,86.3,82.0,61.7,45.9,33.7,27.5,59.4,55.8,47.9,59.9,54.1,50.6,61.3,61.8,59.0,48.7,56.4,79.7,33.7,28.5,27.1,2,0,1,0,0,0,0,1,1,0,1,0,-22.9,-37.4,2.9,-2.2,-1,-6.6,65,60,40.6
CNF1590,Pension Administration,Manager,Vancouver,40,11,0,1,29.5,Hybrid,Hybrid,In-Person,More office,31,46,15,56.4,70.5,71.7,53.0,86.3,71.0,56.1,54.5,60.3,59.4,60.7,67.5,48.9,54.4,47.8,62.9,77.1,82.5,20.7,11.5,10.0,88.3,80.8,76.2,89.3,84.1,67.4,43.9,48.0,43.1,3,0,0,0,0,1,0,1,1,0,0,0,15.2,18.0,4.2,-12.1,-3,-0.8,65,45,34.0
CNF1591,Wealth Management,Director,Toronto,35,0,1,1,27.2,Hybrid,Hybrid,In-Person,More office,44,68,24,57.7,52.5,47.4,66.8,61.0,38.6,54.0,44.0,20.2,47.4,50.3,51.0,65.0,66.7,58.8,83.3,74.5,76.4,65.6,55.5,37.8,75.9,91.9,79.3,79.5,100.0,82.9,47.7,45.9,37.2,1,0,2,0,0,0,1,0,0,0,1,0,-10.3,-28.2,-33.8,3.4,1,-10.5,65,35,48.4
CNF1592,Retail Banking,VP,Toronto,44,3,0,1,30.4,Hybrid,Remote,Remote,More flexible,32,32,0,56.3,63.2,59.6,58.5,57.8,52.3,77.6,84.8,82.9,63.9,54.2,82.5,52.9,55.0,48.0,58.4,64.2,66.6,72.9,76.4,80.9,82.1,85.4,79.4,95.3,68.1,88.9,73.6,72.0,69.1,12,11,13,0,0,0,0,0,0,0,1,0,3.3,-6.2,5.3,-2.7,1,-4.5,100,15,4.9
CNF1593,Pension Administration,Manager,Toronto,43,5,0,0,40.1,Hybrid,In-Person,In-Person,More office,56,82,26,50.1,55.8,54.1,41.7,40.0,51.2,40.8,41.5,55.1,79.1,71.7,42.5,38.9,46.1,63.3,49.9,45.9,36.6,73.3,79.4,74.6,58.3,57.1,43.5,56.4,61.1,42.6,53.1,55.2,51.9,3,2,3,0,0,0,0,1,0,0,1,0,4.0,9.4,14.3,-14.8,0,-1.2,65,60,41.3
CNF1594,Wealth Management,Director,Vancouver,23,9,1,0,9.7,Remote,Hybrid,In-Person,More office,21,37,16,72.9,70.3,56.9,73.7,66.3,59.4,42.4,34.7,14.6,63.9,72.4,73.9,10.0,10.8,10.0,58.1,46.1,41.1,62.4,68.2,65.4,61.3,63.2,38.4,50.7,62.4,51.1,43.3,42.8,28.5,4,1,0,1,0,0,0,1,0,0,0,0,-16.1,-14.4,-27.8,-22.9,-4,-14.8,65,45,39.0
CNF1595,Wealth Management,Director,Toronto,35,8,2,1,60.6,Remote,Hybrid,In-Person,More office,79,139,60,37.7,26.8,10.0,28.1,32.5,10.0,67.4,47.7,40.9,71.4,63.4,55.5,84.4,95.7,81.7,75.6,75.4,63.2,93.4,99.3,100.0,48.2,54.4,39.9,45.6,54.5,40.8,55.6,53.6,44.0,3,2,3,0,0,0,1,1,0,0,0,0,-27.7,-18.1,-26.5,-8.3,0,-11.7,30,45,69.4
CNF1596,Wealth Management,Analyst,Calgary,41,4,0,0,3.5,Hybrid,Hybrid,Hybrid,No change,5,5,0,69.8,68.4,59.0,85.0,65.7,42.3,62.0,53.0,42.2,95.0,88.0,96.2,53.0,52.7,42.3,62.9,58.3,52.6,56.2,43.7,60.0,43.4,52.1,42.3,43.5,57.8,43.1,47.5,49.0,50.0,0,0,0,0,0,0,0,0,1,1,0,0,-10.8,-42.7,-19.8,-1.1,0,2.4,100,20,18.8
CNF1597,Pension Administration,Director,Vancouver,48,3,1,0,7.4,In-Person,In-Person,In-Person,No change,13,13,0,63.2,65.4,69.9,63.4,45.6,73.1,60.1,67.6,79.2,52.2,65.2,67.7,56.1,61.0,59.3,86.0,75.9,81.3,60.5,61.2,55.3,54.3,64.7,55.7,67.3,73.6,46.3,52.0,51.0,46.7,8,5,5,0,0,1,0,0,0,1,0,0,6.7,9.7,19.0,1.4,-3,-5.3,100,20,6.0
CNF1598,Wealth Management,Senior Analyst,Toronto,49,0,1,1,44.4,Remote,In-Person,In-Person,More office,63,113,50,56.4,53.3,41.8,41.8,64.6,31.6,50.3,42.5,45.5,76.6,88.2,71.8,52.2,42.8,45.1,59.6,73.4,62.3,62.2,76.5,79.7,51.9,66.6,65.6,56.9,72.9,76.6,41.3,28.1,20.8,7,3,8,0,0,0,0,1,0,0,1,0,-14.6,-10.1,-4.8,13.7,1,-20.4,65,60,60.4
CNF1599,Wealth Management,Senior Analyst,Toronto,35,6,0,1,47.6,In-Person,In-Person,In-Person,No change,65,65,0,75.1,58.9,66.7,80.6,45.0,75.3,44.1,29.0,21.4,69.9,66.2,57.9,57.2,41.2,25.1,58.7,60.3,63.3,77.5,71.3,65.7,75.0,79.4,98.1,73.8,74.4,87.5,55.7,54.1,60.2,1,2,2,0,0,0,0,0,0,0,0,0,-8.5,-5.3,-22.7,23.2,1,4.4,100,0,7.6
CNF1600,Retail Banking,VP,Toronto,34,4,0,1,39.6,Hybrid,In-Person,In-Person,More office,54,70,16,75.9,65.2,52.3,50.8,63.3,56.6,47.6,26.6,21.0,71.8,68.8,79.8,37.3,38.3,61.9,48.9,50.7,45.5,87.9,93.9,89.9,66.2,84.9,90.6,56.4,84.9,100.0,37.1,33.7,34.1,8,11,14,0,0,0,0,0,0,0,0,0,-23.6,5.8,-26.6,24.4,6,-3.0,100,20,34.7
